round,agreement,certainty,effective_consensus,effective_consensus_ma,consensus_attainment_rate
1,0.985482826697263,0.014871428363736339,0.01465553726092074,,0.0
2,0.9578884785763455,0.04308285798208733,0.041268573285182394,,0.0
3,0.9466614895352401,0.05433418050724481,0.05143607625166498,,0.0
4,0.9280968405321195,0.07488816765611261,0.06950347179487777,,0.0
5,0.9142205514261372,0.08804754329133457,0.08049487357952058,,0.0
6,0.9238348624072193,0.0798061723186847,0.07372772422327892,,0.0
7,0.9074737555569782,0.10049825851262395,0.09119953207938691,,0.0
8,0.7949085670340436,0.23519983423507362,0.18696236319844695,,0.0
9,0.8819230631090502,0.18572076266091042,0.16379142388885903,,0.0
10,0.8638032049458081,0.20317692739525883,0.17550488105506634,0.09485444566172047,0.09485444566172047
11,0.8494343389800679,0.23709854570185018,0.20139964644138653,0.11352885657976705,0.11352885657976705
12,0.8064962833840309,0.30829669615876265,0.2486401396316179,0.13426601321441062,0.13426601321441062
13,0.8349406830916202,0.4952502262762053,0.4135045622283343,0.17047286181207752,0.17047286181207752
14,0.8421761631777694,0.3171907701306249,0.26713050578401154,0.19023556521099091,0.19023556521099091
15,0.8463665366078806,0.389321992145771,0.32950910611769674,0.2151369884648085,0.2151369884648085
16,0.7956459791995959,0.3890631678796199,0.30955654517807696,0.23871987056028832,0.23871987056028832
17,0.8776545646094659,0.23155039218718743,0.20322125864019705,0.24992204321636935,0.24992204321636935
18,0.8187973389246703,0.3408891959194238,0.2791191664869948,0.25913772354522413,0.25913772354522413
19,0.92643058068296,0.3486709059630463,0.32301938987859874,0.2750605201441981,0.2750605201441981
20,0.9000589722450895,0.5641615712093183,0.5077786839628339,0.30828790043497484,0.30828790043497484
21,0.9482133509837474,0.7681844337758699,0.7284027361241702,0.3609882094032532,0.3609882094032532
22,0.822357132964615,0.43270273474015875,0.35583618036686526,0.37170781347677795,0.37170781347677795
23,0.7292869867326081,0.5804037204443498,0.42328088037125494,0.37268544529107006,0.37268544529107006
24,0.8944654186734777,0.608946256195672,0.5446813679977086,0.40044053151243975,0.40044053151243975
25,0.9369524524627062,0.769713559224704,0.7211850070093848,0.4396081216016086,0.4396081216016086
26,0.841266834027972,0.4125875436882761,0.3470962166380136,0.44336208874760225,0.44336208874760225
27,0.9636988490047766,0.7421002254075904,0.7151611330714801,0.49455607619073055,0.49455607619073055
28,0.8502459342574473,0.5292191798201353,0.44996645597313095,0.5116408051393442,0.5116408051393442
29,0.916800481773708,0.5409585254269375,0.49595103673101093,0.5289339698245854,0.5289339698245854
30,0.8733658685419942,0.5588934981472987,0.48811850543188895,0.5269679519714909,0.5289339698245854
31,0.8397804491554335,0.48634841082540736,0.4084258868889919,0.49497026704797303,0.5289339698245854
32,0.899901105654894,0.5274032052922957,0.47461072756847195,0.5068477217681338,0.5289339698245854
33,0.812540664147046,0.6853505798634758,0.5568752153358317,0.5202071552645914,0.5289339698245854
34,0.9218976843126977,0.7189052530695093,0.6627570880450145,0.5320147272693219,0.5320147272693219
35,0.8908403489890973,0.690923072375943,0.6155021509200044,0.5214464416603839,0.5320147272693219
36,0.82945302530996,0.47196646961012434,0.39147401606297894,0.5258842216028805,0.5320147272693219
37,0.8013826412649838,0.5034828057290961,0.40348238068668774,0.49471634636440126,0.5320147272693219
38,0.9311956512004523,0.7930822087705558,0.7385147038515908,0.5235711711522473,0.5320147272693219
39,0.9463643023712712,0.8385516242820514,0.79357532291598,0.5533335997707441,0.5533335997707441
40,0.8732038320981426,0.562638726183039,0.4912982917898472,0.5536515784065399,0.5536515784065399
41,0.9211239832383564,0.7147896837168224,0.6584099206429244,0.5786499817819332,0.5786499817819332
42,0.8744486214064937,0.6587386017267486,0.5760330621471966,0.5887922152398056,0.5887922152398056
43,0.9187387740299756,0.2620768341870632,0.24078014934267963,0.5571827086404905,0.5887922152398056
44,0.7975269119686146,0.4517891293296151,0.360313989175237,0.5269383987535128,0.5887922152398056
45,0.9341800821450567,0.5758586989339852,0.5379557266740957,0.5191837563289218,0.5887922152398056
46,0.8885710926170969,0.8221102531805328,0.7305034059203441,0.5530866953146584,0.5887922152398056
47,0.8908120299469908,0.6741669605792315,0.6005560386767782,0.5727940611136675,0.5887922152398056
48,0.8143273824003737,0.5205541957098994,0.4239015355899742,0.5413327442875058,0.5887922152398056
49,0.8884006709724845,0.5913633785435388,0.5253676222866352,0.5145119742245713,0.5887922152398056
50,0.8879028099040828,0.8234514082281272,0.7311448191852281,0.5384966269641094,0.5887922152398056
51,0.8358094512305742,0.622451189947392,0.5202505874877476,0.5246806936485917,0.5887922152398056
52,0.8573243056938025,0.762848756341024,0.6540087803794491,0.532478265471817,0.5887922152398056
53,0.8930749708859138,0.7265157837169993,0.6488330623912161,0.5732835567766706,0.5887922152398056
54,0.8941753021828976,0.6212549250163382,0.5555108103090975,0.5928032388900567,0.5928032388900567
55,0.9224981855792009,0.5810051328339441,0.535976180851516,0.5926052843077987,0.5928032388900567
56,0.970427958015462,0.9568442201581783,0.9285483827069981,0.6124097819864641,0.6124097819864641
57,0.8734398587338589,0.6479364465224704,0.5659335183191051,0.6089475299506968,0.6124097819864641
58,0.998989397498655,0.9903984253853586,0.989397526259336,0.6654971290176329,0.6654971290176329
59,0.9414124239747689,0.3825001978005358,0.360090438382231,0.6489694106271925,0.6654971290176329
60,0.9125366576422859,0.6718585297330382,0.613095537131047,0.6371644824217744,0.6654971290176329
61,0.8202106928913787,0.7593369636883798,0.6228162971248816,0.6474210533854878,0.6654971290176329
62,0.9286577366555364,0.775833208272888,0.7204835112169036,0.6540685264692333,0.6654971290176329
63,0.8423051336027654,0.5047298230787203,0.4251365210616216,0.6316988723362739,0.6654971290176329
64,0.9806342007027697,0.9476468155803367,0.9292948775451485,0.6690772790598789,0.6690772790598789
65,0.8700820118025528,0.769810771676038,0.6697985049271628,0.6824595114674435,0.6824595114674435
66,0.9370692620460714,0.9246338110304012,0.8664459229651047,0.6762492654932543,0.6824595114674435
67,0.9289837451492777,0.8689080558380063,0.8072014599027688,0.7003760596516205,0.7003760596516205
68,0.9404379997004408,0.8160151755161267,0.7674116793875904,0.678177474964446,0.7003760596516205
69,0.9535528070924131,0.8820566109138646,0.841087557351336,0.7262771868613564,0.7262771868613564
70,0.8938503134174278,0.7929740027291022,0.7088000608712803,0.73584763923538,0.73584763923538
71,0.9871447529710042,0.9359433073880906,0.9239115249664814,0.76595716201954,0.76595716201954
72,0.9415247298261883,0.4989321503493245,0.4697569580592469,0.7408845067037741,0.76595716201954
73,0.9264674686800674,0.25254771580454016,0.23397724298236536,0.7217685788958484,0.76595716201954
74,0.862592932444618,0.5919193166156899,0.5105854190901422,0.6798976330503479,0.76595716201954
75,0.9306701075335672,0.7509931587611256,0.6989268838211901,0.6828104709397507,0.76595716201954
76,0.90953775710136,0.7522721480009857,0.6842199222226389,0.6645878708655041,0.76595716201954
77,0.9317473188757236,0.830200291012325,0.7735368952805792,0.6612214144032851,0.76595716201954
78,0.9460132497981206,0.8815072142562911,0.8339175044790821,0.6678719969124343,0.76595716201954
79,0.9854625627626418,0.9217171295714937,0.9083177246497501,0.6745950136422757,0.76595716201954
80,0.9612347922780445,0.9041840249032933,0.8691331433590433,0.690628321891052,0.76595716201954
81,0.9429445465165713,0.5636483546968949,0.5314891422144751,0.6513860836158514,0.76595716201954
82,0.8654966106132792,0.7569752489693842,0.6551595123011452,0.6699263390400413,0.76595716201954
83,0.8961353156680453,0.6199933300497413,0.5555979185362075,0.7020884065954254,0.76595716201954
84,0.9066134866876125,0.7380173858589694,0.6690965154296773,0.7179395162293789,0.76595716201954
85,0.8548115577228755,0.6102738147473414,0.5216691102216565,0.7002137388694256,0.76595716201954
86,0.8771054043269811,0.6959154080349134,0.6103911653418388,0.6928308631813456,0.76595716201954
87,0.915993373956578,0.5155220104743523,0.4722147457232803,0.6626986482256157,0.76595716201954
88,0.8845957361317147,0.714453485965398,0.632002507349431,0.6425071485126506,0.76595716201954
89,0.863210686996963,0.6638042583038966,0.5730029298420161,0.608975669031877,0.76595716201954
90,0.9682825761858009,0.9215525610053701,0.8923232878609022,0.6112946834820631,0.76595716201954
91,0.9011460145694598,0.6267005233478391,0.5647486789434999,0.6146206371549655,0.76595716201954
92,0.963002712894078,0.7964773594557962,0.7670098579146435,0.6258056717163153,0.76595716201954
93,0.8985181311719987,0.2624296134243984,0.23579776581828055,0.5938256564445226,0.76595716201954
94,0.9967257315341356,0.9746279582289691,0.9714367646393901,0.624059681365494,0.76595716201954
95,0.9888455330624437,0.933751253437321,0.9233357559529527,0.6642263459386236,0.76595716201954
96,0.8851056269124815,0.7370763757468608,0.652390447637805,0.6684262741682202,0.76595716201954
97,0.8992696190209332,0.7934562045594405,0.7135310587839637,0.6925579054742885,0.76595716201954
98,0.868078590934111,0.4054987983600583,0.35200482550587464,0.6645581372899328,0.76595716201954
99,0.954432313538291,0.6762473991390954,0.645432369684579,0.6718010812741891,0.76595716201954
100,0.7866471365795612,0.6312949490282135,0.49660636399018415,0.6322293888871173,0.76595716201954
101,0.9958871483729443,0.9711645542450449,0.9671702985279794,0.6724715508455653,0.76595716201954
102,0.8625513324871467,0.8737712500889605,0.7536725560531927,0.6711378206594203,0.76595716201954
103,0.9417358348479343,0.863012492133064,0.8127297897631274,0.728831023053905,0.76595716201954
104,0.9686438902610365,0.8839540864555125,0.8562367251164082,0.7173110191016068,0.76595716201954
105,0.9717603236624426,0.8252329469478441,0.8019286356229482,0.7051703070686063,0.76595716201954
106,0.9916877430559627,0.9757851165549712,0.967674139943999,0.7366986762992257,0.76595716201954
107,0.8965981325197141,0.8013129425577796,0.7184556878611822,0.7371911392069476,0.76595716201954
108,0.9714781807797513,0.8991637984817825,0.873518011172093,0.7893424577735695,0.7893424577735695
109,0.9645499900442979,0.9206695978978603,0.8880318514864689,0.8136024059537584,0.8136024059537584
110,0.8674775975030327,0.7491133636177556,0.6498390609285464,0.8289256756475947,0.8289256756475947
111,0.8848557293842493,0.7202771276277502,0.6373413431258449,0.7959427801073812,0.8289256756475947
112,0.8940593854791529,0.7859188292072328,0.7026581054775138,0.7908413350498132,0.8289256756475947
113,0.8933372935410209,0.5226057174618459,0.46686317722642884,0.7562546737961434,0.8289256756475947
114,0.9205978508943522,0.8291153563635192,0.7632818152117608,0.7469591828056786,0.8289256756475947
115,0.8913884512306843,0.6936521545200902,0.6183135197104905,0.7285976712144328,0.8289256756475947
116,0.9534890749800795,0.9233841170945648,0.880436667659794,0.7198739239860124,0.8289256756475947
117,0.8473334272717776,0.4438328222438169,0.3760743864075591,0.6856357938406501,0.8289256756475947
118,0.8860517701302086,0.7233742743177474,0.6409470562258952,0.6623786983460302,0.8289256756475947
119,0.8953823308692206,0.8912827417647904,0.7980388187848676,0.6533793950758702,0.8289256756475947
120,0.9972776754009134,0.9917891231829986,0.989089151255851,0.6873044041086006,0.8289256756475947
121,0.9817811283750142,0.9557007967643975,0.9382890066362503,0.7173991704596412,0.8289256756475947
122,0.916834161450533,0.7150219181784392,0.6555565207718809,0.7126890119890779,0.8289256756475947
123,0.9902019164061848,0.9302479103767132,0.9211332635878703,0.758116020625222,0.8289256756475947
124,0.9989614752177446,0.9926459920573016,0.9916151045945436,0.7809493495635003,0.8289256756475947
125,0.9711465075522272,0.8936648838153561,0.86787953083935,0.8059059506763862,0.8289256756475947
126,0.917534372304586,0.8690144558136723,0.7973506332386092,0.7975973472342679,0.8289256756475947
127,0.9169076182438692,0.8360482608486319,0.7665790195916482,0.8366478105526769,0.8366478105526769
128,0.847337996871919,0.5112778522552501,0.4332251511749406,0.8158756200475814,0.8366478105526769
129,0.9486836669605384,0.7492095071117879,0.7107628225285085,0.8071480204219453,0.8366478105526769
130,0.8860803396318251,0.8354505756145716,0.7402763297861633,0.7822667382749766,0.8366478105526769
131,0.9259291132117113,0.6983902973562317,0.646659908706719,0.7531038284820235,0.8366478105526769
132,0.9482408601447818,0.5479516993813865,0.5195901907392009,0.7395071954787555,0.8366478105526769
133,0.9979823462444048,0.9900818959141814,0.9880842534585433,0.7462022944658228,0.8366478105526769
134,0.9948633560674204,0.9734789030345332,0.9684784885337666,0.7438886328597449,0.8366478105526769
135,0.9351062727212036,0.7319304869819849,0.6844327895727393,0.7255439587330841,0.8366478105526769
136,0.9981263630464273,0.9911145325335132,0.9892575437201355,0.7447346497812367,0.8366478105526769
137,0.826404047213897,0.556672178825567,0.4600361415528268,0.7140803619773545,0.8366478105526769
138,0.9683817060589709,0.8848875500182093,0.8569089153569764,0.7564487383955579,0.8366478105526769
139,0.9667810238689283,0.8900796462511354,0.8605121117275663,0.7714236673154637,0.8366478105526769
140,0.9342537604010859,0.7287908929082294,0.6808756322455783,0.7654835975614052,0.8366478105526769
141,0.9092872541135865,0.49651851918577505,0.4514779609269775,0.745965402783431,0.8366478105526769
142,0.945202250430246,0.7586392651225807,0.7170675406586113,0.7657131377753723,0.8366478105526769
143,0.9999406191114479,0.99943455777749,0.9993752104653996,0.766842233476058,0.8366478105526769
144,0.7801709115956428,0.5049213477977889,0.39392494819550156,0.7093868794422313,0.8366478105526769
145,0.8755623698899548,0.756422028119352,0.662294663577146,0.7071730668426719,0.8366478105526769
146,0.957559896857252,0.9176570798254868,0.8787116187080202,0.6961184743414605,0.8366478105526769
147,0.9396773049158,0.7297838021724081,0.6857612763965738,0.7186909878258351,0.8366478105526769
148,0.9982120423813968,0.9846996955614414,0.9829390942387262,0.73129400571401,0.8366478105526769
149,0.871671764011285,0.7645594297600418,0.6664448668303977,0.7118872812242932,0.8366478105526769
150,0.986664089638379,0.9591508225912606,0.9463596731979086,0.7384356853195263,0.8366478105526769
151,0.969526158391095,0.9033301319925361,0.8758021926296443,0.7808681084897929,0.8366478105526769
152,0.7971022548651576,0.6402198159516226,0.5103206589043946,0.7601934203143712,0.8366478105526769
153,0.887043133128709,0.8368445764018634,0.7423172349932762,0.734487622767159,0.8366478105526769
154,0.9838161304745796,0.9438424401031374,0.9285674171999538,0.7879518696676042,0.8366478105526769
155,0.952260514819401,0.8537372883661374,0.8129803097400574,0.8030204342838952,0.8366478105526769
156,0.8965138787893703,0.7145238146124043,0.6405805165255435,0.7792073240656476,0.8366478105526769
157,0.9527043298347755,0.9083910344025279,0.8654280716583788,0.7971740035918282,0.8366478105526769
158,0.9922217593955543,0.9331493258445035,0.9258910658682087,0.7914692007547764,0.8366478105526769
159,0.9135124029355062,0.7573934443943995,0.6918883053563275,0.7940135446073693,0.8366478105526769
160,0.969402596099788,0.91259592551464,0.8846728593839807,0.7878448632259765,0.8366478105526769
161,0.8116577383471377,0.6879350077008374,0.5583677724802825,0.7561014212110404,0.8366478105526769
162,0.9388750865016326,0.7836405282993126,0.7357405687932023,0.7786434121999211,0.8366478105526769
163,0.9791614072343363,0.8816052842892665,0.8632338707899053,0.7907350757795841,0.8366478105526769
164,0.9171249227417575,0.8578888915703523,0.7867912834024713,0.7765574623998358,0.8366478105526769
165,0.9388157327604119,0.6008480543439622,0.5640856064165946,0.7516679920674896,0.8366478105526769
166,0.9996635923738506,0.9957737378272766,0.9954387519479523,0.7871538156097304,0.8366478105526769
167,0.7797168411599228,0.6602936585894862,0.5148420857133227,0.7520952170152249,0.8366478105526769
168,0.9275108030464433,0.8377307153672271,0.7770042885469283,0.7372065392830969,0.8366478105526769
169,0.9483285230685088,0.6807911851664811,0.6456136991469886,0.7325790786621629,0.8366478105526769
170,0.9843168370083687,0.9713609038328097,0.9561268924543015,0.739724481969195,0.8366478105526769
171,0.9748782756356362,0.9005314132223076,0.8779085112778858,0.7716785558489553,0.8366478105526769
172,0.9680349081030526,0.9056573410591134,0.8767079209250138,0.7857752910621365,0.8366478105526769
173,0.99038637813572,0.9720314630478042,0.9626867201218797,0.7957205759953339,0.8366478105526769
174,0.9141167960197987,0.6981583827084648,0.6381983039158262,0.7808612780466695,0.8366478105526769
175,0.9717406749578443,0.78041073848481,0.7583568577595791,0.8002884031809678,0.8366478105526769
176,0.9945411244740184,0.9153334759103955,0.9103367844006366,0.7917782064262362,0.8366478105526769
177,0.9964344801576941,0.9705865977702908,0.9671259519972646,0.8370065930546304,0.8370065930546304
178,0.9868512099324159,0.9253801348181169,0.9132125056926809,0.8506274147692058,0.8506274147692058
179,0.979672033085863,0.9314819396622753,0.9125468056117044,0.8773207254156773,0.8773207254156773
180,0.9012568311523736,0.8309459715601446,0.7488957331871263,0.8565976094889598,0.8773207254156773
181,0.9953020601071503,0.9772054723028788,0.972614619731036,0.8660682203342748,0.8773207254156773
182,0.9485948997030751,0.8114956877275923,0.7697806705094333,0.8553754952927167,0.8773207254156773
183,0.9935275654847318,0.9654471429302692,0.9591983495197003,0.8550266582324988,0.8773207254156773
184,0.9877992066096937,0.9574829887923961,0.9458009366714071,0.8857869215080568,0.8857869215080568
185,0.9981324756843999,0.9881244994488935,0.9862791529193324,0.9085791510240324,0.9085791510240324
186,0.9341185487926442,0.2041781212788284,0.1907265703441877,0.8366181296183873,0.9085791510240324
187,0.9442465187434176,0.8603947189321106,0.8124247180968667,0.8211480062283475,0.9085791510240324
188,0.9987536035000554,0.9899337789233826,0.9886999289261555,0.828696748551695,0.9085791510240324
189,0.9856422919158134,0.8137913012643636,0.8021071233193595,0.8176527803224606,0.9085791510240324
190,0.7961387354066778,0.6679175952365237,0.5317550696274753,0.7959387139664955,0.9085791510240324
191,0.9546890228594413,0.7836427897019564,0.7481351691714074,0.7734907689105327,0.9085791510240324
192,0.9270341864783658,0.7566670324743585,0.7014562068848661,0.766658322548076,0.9085791510240324
193,0.9944286002050655,0.9208495725182311,0.9157191513987375,0.7623104027359795,0.9085791510240324
194,0.9979995326461893,0.986765092496435,0.9847911011430159,0.7662094191831403,0.9085791510240324
195,0.8725685495449923,0.685460131668723,0.5981109528610971,0.7273925991773169,0.9085791510240324
196,0.9949920569458907,0.9791055301665285,0.9742022254274909,0.8057401646856471,0.9085791510240324
197,0.8870916310650887,0.7114649697970548,0.6311346205029433,0.7876111549262548,0.9085791510240324
198,0.993111433263341,0.9457230502367107,0.9392083738907583,0.7826619994227151,0.9085791510240324
199,0.9898119956614514,0.9763568854555769,0.9664097572705836,0.7990922628178376,0.9085791510240324
200,0.8511151568648634,0.5948195285971394,0.5062599163882384,0.796542747493914,0.9085791510240324
