epoch,client_count,active_client_count,active_edge_count,client_vote_consensus_ratio,active_client_vote_consensus_ratio,within_edge_vote_consensus_ratio,edge_vote_consensus_ratio,client_vote_entropy_norm,client_label_consensus_score,active_client_vote_entropy_norm,active_client_label_consensus_score,edge_vote_entropy_norm,edge_label_consensus_score,client_probability_divergence_gjs,client_probability_consensus_score,active_client_probability_divergence_gjs,active_client_probability_consensus_score,within_edge_probability_divergence_gjs,within_edge_probability_consensus_score,edge_probability_divergence_gjs,edge_probability_consensus_score,client_cloud_js_divergence,client_cloud_alignment_score,edge_cloud_js_divergence,edge_cloud_alignment_score,client_cloud_label_agreement,edge_cloud_label_agreement,majority_cloud_label_match,client_mean_confidence,cloud_confidence,cloud_entropy_norm,cloud_margin,majority_label,cloud_predicted_label,true_label,soft_consensus,strong_consensus,cloud_correct,correct_soft_consensus,wrong_soft_consensus,correct_strong_consensus,wrong_strong_consensus,train_acc,train_loss,test_acc,test_loss
1,37,32,4,0.2162162162,0.2187500000,0.3125000000,0.2500000000,0.9556934493,0.0443065507,0.9380783747,0.0619216253,0.6020599913,0.3979400087,0.0886174020,0.9113825980,0.0939082736,0.9060917264,0.0812014251,0.9187985749,0.0257186621,0.9742813379,0.0651542955,0.9348457045,0.0238636142,0.9761363858,0.2162162162,0.0000000000,1,0.2504747251,0.1146088672,0.9975914672,0.0001249239,6,6,,0,0,,,,,,0.1565166667,2.2831637671,0.1532000000,2.2836797086
2,37,37,4,0.1621621622,0.1621621622,0.2162162162,0.2500000000,0.9772945647,0.0227054353,0.9772945647,0.0227054353,0.6020599913,0.3979400087,0.2773352891,0.7226647109,0.2773352891,0.7226647109,0.2466534951,0.7533465049,0.0549757561,0.9450242439,0.2061401057,0.7938598943,0.0463220505,0.9536779495,0.1081081081,0.2500000000,0,0.4421727976,0.1247295420,0.9934142764,0.0025083349,8,3,,0,0,,,,,,0.2547500000,2.2242510389,0.2549000000,2.2238831078
3,37,37,5,0.1351351351,0.1351351351,0.2702702703,0.2000000000,0.9796580086,0.0203419914,0.9796580086,0.0203419914,0.6989700043,0.3010299957,0.2989157658,0.7010842342,0.2989157658,0.7010842342,0.2524483977,0.7475516023,0.1019084601,0.8980915399,0.2238082408,0.7761917592,0.0847663134,0.9152336866,0.1351351351,0.2000000000,0,0.4607133644,0.1320322662,0.9928658135,0.0140692449,4,9,,0,0,,,,,,0.3797166667,2.1241131586,0.3804000000,2.1218461130
4,37,25,4,0.2162162162,0.2400000000,0.2800000000,0.5000000000,0.9540684492,0.0459315508,0.9280978099,0.0719021901,0.4515449935,0.5484550065,0.3514702330,0.6485297670,0.3446814218,0.6553185782,0.2945269916,0.7054730084,0.1455563669,0.8544436331,0.2696163464,0.7303836536,0.1249823018,0.8750176982,0.2162162162,0.5000000000,1,0.5125820944,0.2037771218,0.9722690813,0.0900239731,9,9,,0,0,,,,,,0.3900500000,1.9942542446,0.3931000000,1.9900656817
5,37,31,4,0.2162162162,0.2580645161,0.2903225806,0.5000000000,0.9517050053,0.0482949947,0.8905223016,0.1094776984,0.4515449935,0.5484550065,0.3579999309,0.6420000691,0.3516879079,0.6483120921,0.3079454036,0.6920545964,0.0712008152,0.9287991848,0.2784623805,0.7215376195,0.0585957283,0.9414042717,0.2162162162,0.5000000000,1,0.5139276014,0.1876006057,0.9666342087,0.0289497812,9,9,,0,0,,,,,,0.5681500000,1.8214426085,0.5662000000,1.8148349288
6,37,35,5,0.2162162162,0.2000000000,0.2857142857,0.4000000000,0.9386090576,0.0613909424,0.9438103631,0.0561896369,0.5785580061,0.4214419939,0.4088169647,0.5911830353,0.4236127934,0.5763872066,0.3455559164,0.6544440836,0.1003246949,0.8996753051,0.3168351892,0.6831648108,0.0910674976,0.9089325024,0.2162162162,0.4000000000,1,0.5726354507,0.2420320434,0.9264673764,0.0721591539,9,9,,0,0,,,,,,0.6970000000,1.6339734406,0.6986000000,1.6223849882
7,37,35,5,0.2162162162,0.2285714286,0.3142857143,0.4000000000,0.9455632815,0.0544367185,0.9374554043,0.0625445957,0.5785580061,0.4214419939,0.4553826979,0.5446173021,0.4702802374,0.5297197626,0.3861761630,0.6138238370,0.1256240432,0.8743759568,0.3519550556,0.6480449444,0.1066717802,0.8933282198,0.2162162162,0.2000000000,1,0.6133788586,0.2536638696,0.9227433516,0.0727888351,9,9,,0,0,,,,,,0.7194000000,1.4446402598,0.7210000000,1.4303445367
8,37,16,3,0.4594594595,0.5000000000,0.5000000000,1.0000000000,0.7240848898,0.2759151102,0.6773174902,0.3226825098,-0.0000000000,1.0000000000,0.2185752983,0.7814247017,0.2219390074,0.7780609926,0.1884783792,0.8115216208,0.0333929808,0.9666070192,0.2082098049,0.7917901951,0.0282011819,0.9717988181,0.4594594595,1.0000000000,1,0.4625911137,0.5667437974,0.6999059708,0.4907471294,1,1,,0,0,,,,,,0.6582000000,1.3444155727,0.6663000000,1.3227993198
9,37,23,3,0.1891891892,0.2608695652,0.3478260870,0.6666666667,0.9085603375,0.0914396625,0.7711931645,0.2288068355,0.2764345909,0.7235654091,0.3036571981,0.6963428019,0.2711152745,0.7288847255,0.2400113930,0.7599886070,0.0436065211,0.9563934789,0.2412672577,0.7587327423,0.0396155746,0.9603844254,0.1891891892,0.3333333333,1,0.4950978877,0.2196274612,0.9194468668,0.0111047770,4,4,,0,0,,,,,,0.6304666667,1.2208724203,0.6353000000,1.2044990446
10,37,37,4,0.5675675676,0.5675675676,0.5675675676,1.0000000000,0.5939348960,0.4060651040,0.5939348960,0.4060651040,-0.0000000000,1.0000000000,0.3181065864,0.6818934136,0.3181065864,0.6818934136,0.2706764526,0.7293235474,0.0580261805,0.9419738195,0.2563668908,0.7436331092,0.0539577004,0.9460422996,0.5675675676,1.0000000000,1,0.6432166406,0.6722905065,0.5658938304,0.6116519407,1,1,,0,0,,,,,,0.7601500000,1.0655407579,0.7653000000,1.0481917145
11,37,37,3,0.2432432432,0.2432432432,0.3243243243,0.6666666667,0.7966448611,0.2033551389,0.7966448611,0.2033551389,0.2764345909,0.7235654091,0.3064202158,0.6935797842,0.3064202158,0.6935797842,0.2855513935,0.7144486065,0.0180660128,0.9819339872,0.2401219516,0.7598780484,0.0169084409,0.9830915591,0.2432432432,0.3333333333,0,0.5772733183,0.2895096147,0.8159636424,0.0181607021,3,5,,0,0,,,,,,0.7794166667,0.9573641488,0.7835000000,0.9394702567
12,37,9,2,0.1891891892,0.3333333333,0.4444444444,0.5000000000,0.8748636138,0.1251363862,0.6614109820,0.3385890180,0.3010299957,0.6989700043,0.4556679994,0.5443320006,0.3681131884,0.6318868116,0.2857376016,0.7142623984,0.1722717212,0.8277282788,0.4269055263,0.5730944737,0.1838990228,0.8161009772,0.0540540541,0.5000000000,0,0.6076430034,0.3803039853,0.8164940205,0.2214900888,3,2,,0,0,,,,,,0.7265500000,1.0364282832,0.7286000000,1.0135384272
13,37,22,4,0.3243243243,0.2272727273,0.3181818182,0.7500000000,0.7790660849,0.2209339151,0.8278031395,0.1721968605,0.2442190503,0.7557809497,0.3874100590,0.6125899410,0.3633198379,0.6366801621,0.2898156189,0.7101843811,0.1490079223,0.8509920777,0.3383142609,0.6616857391,0.1349781412,0.8650218588,0.3243243243,0.7500000000,1,0.6323380294,0.6306618064,0.5679041539,0.4899644402,3,3,,0,0,,,,,,0.7341166667,0.8749134575,0.7379000000,0.8583417602
14,37,5,2,0.2162162162,0.6000000000,0.6000000000,0.5000000000,0.8328705433,0.1671294567,0.4126972515,0.5873027485,0.3010299957,0.6989700043,0.4370122769,0.5629877231,0.2074439747,0.7925560253,0.1184467507,0.8815532493,0.2019535777,0.7980464223,0.5073825362,0.4926174638,0.2332204029,0.7667795971,0.1081081081,0.5000000000,0,0.6585866538,0.6498876098,0.5241393239,0.4887619529,5,2,,0,0,,,,,,0.5472500000,1.2025815220,0.5466000000,1.1819468625
15,37,36,6,0.4864864865,0.5000000000,0.5277777778,0.8333333333,0.6819291194,0.3180708806,0.6780239205,0.3219760795,0.1956762468,0.8043237532,0.2733588622,0.7266411378,0.2754091355,0.7245908645,0.2084465823,0.7915534177,0.0973473638,0.9026526362,0.2158435126,0.7841564874,0.0824907804,0.9175092196,0.4864864865,0.8333333333,1,0.5772298019,0.5386139009,0.7040425451,0.4339115204,1,1,,0,0,,,,,,0.8054000000,0.7462941508,0.8114000000,0.7288492640
16,37,21,4,0.7567567568,0.7619047619,0.7619047619,1.0000000000,0.3460559164,0.6539440836,0.3366343668,0.6633656332,-0.0000000000,1.0000000000,0.1713775406,0.8286224594,0.1732100675,0.8267899325,0.1327884401,0.8672115599,0.0171345029,0.9828654971,0.1418996151,0.8581003849,0.0148210078,0.9851789922,0.7567567568,1.0000000000,1,0.6843264805,0.8716580025,0.2806527142,0.8477459424,1,1,,1,0,,,,,,0.7675666667,0.7495848837,0.7724000000,0.7329373051
17,37,21,4,0.6216216216,0.7619047619,0.7619047619,1.0000000000,0.5405781704,0.4594218296,0.3366343668,0.6633656332,-0.0000000000,1.0000000000,0.2115909447,0.7884090553,0.1761225653,0.8238774347,0.1411987098,0.8588012902,0.0302961405,0.9697038595,0.1772379927,0.8227620073,0.0258419273,0.9741580727,0.6216216216,1.0000000000,1,0.6626310534,0.8260036978,0.3513709873,0.7901229659,1,1,,0,0,,,,,,0.7636500000,0.7278036710,0.7687000000,0.7117076859
18,37,19,5,0.7837837838,0.7894736842,0.7894736842,1.0000000000,0.3112705902,0.6887294098,0.2749255667,0.7250744333,-0.0000000000,1.0000000000,0.1997195700,0.8002804300,0.1769907788,0.8230092212,0.1163619623,0.8836380377,0.0540993142,0.9459006858,0.1663855183,0.8336144817,0.0446284249,0.9553715751,0.7837837838,1.0000000000,1,0.7792195841,0.9466910801,0.1348726260,0.9323450405,1,1,,1,0,,,,,,0.8072000000,0.6539442081,0.8141000000,0.6345032901
19,37,19,3,0.7297297297,0.7894736842,0.7894736842,1.0000000000,0.3966938420,0.6033061580,0.2749255667,0.7250744333,-0.0000000000,1.0000000000,0.1690002352,0.8309997648,0.1316488440,0.8683511560,0.1168217166,0.8831782834,0.0254503555,0.9745496445,0.1492997387,0.8507002613,0.0232442316,0.9767557684,0.7297297297,1.0000000000,1,0.6727137352,0.8675226963,0.2849559792,0.8390871128,1,1,,1,0,,,,,,0.8176833333,0.6246242055,0.8246000000,0.6049197363
20,37,20,4,0.7297297297,0.8000000000,0.8000000000,1.0000000000,0.3966938420,0.6033061580,0.2661658213,0.7338341787,-0.0000000000,1.0000000000,0.2066636427,0.7933363573,0.1589224955,0.8410775045,0.1218468230,0.8781531770,0.0295504398,0.9704495602,0.1780518259,0.8219481741,0.0291108724,0.9708891276,0.7297297297,1.0000000000,1,0.7255014470,0.8962442424,0.2314230793,0.8682785081,1,1,,1,0,,,,,,0.8269666667,0.5983116775,0.8347000000,0.5781137938
21,37,22,4,0.6216216216,0.7727272727,0.7727272727,1.0000000000,0.5141761109,0.4858238891,0.3265592523,0.6734407477,-0.0000000000,1.0000000000,0.3164195344,0.6835804656,0.1996339736,0.8003660264,0.1664739118,0.8335260882,0.0451925274,0.9548074726,0.2560674887,0.7439325113,0.0455619383,0.9544380617,0.6216216216,1.0000000000,1,0.7971745025,0.9611188084,0.1029750011,0.9513807913,1,1,,0,0,,,,,,0.7986833333,0.6199668945,0.8038000000,0.6051421136
22,37,33,5,0.6486486486,0.6666666667,0.6666666667,1.0000000000,0.5141990947,0.4858009053,0.4994166977,0.5005833023,-0.0000000000,1.0000000000,0.2327724351,0.7672275649,0.2296950609,0.7703049391,0.1898400348,0.8101599652,0.0280007477,0.9719992523,0.1783097133,0.8216902867,0.0230822383,0.9769177617,0.6486486486,1.0000000000,1,0.7241377200,0.8472627245,0.3203921547,0.8184486324,1,1,,0,0,,,,,,0.8310333333,0.5852510244,0.8376000000,0.5697346907
23,37,23,3,0.4594594595,0.5217391304,0.5217391304,1.0000000000,0.6805984386,0.3194015614,0.6677941443,0.3322058557,-0.0000000000,1.0000000000,0.3211549854,0.6788450146,0.2926022437,0.7073977563,0.2446129513,0.7553870487,0.0810661944,0.9189338056,0.2756760957,0.7243239043,0.0766081264,0.9233918736,0.4594594595,1.0000000000,1,0.5901410591,0.6086798984,0.5977256506,0.4976420913,5,5,,0,0,,,,,,0.8075833333,0.6005973981,0.8161000000,0.5852845616
24,37,24,3,0.8648648649,0.8750000000,0.8750000000,1.0000000000,0.2114929927,0.7885070073,0.1981835258,0.8018164742,-0.0000000000,1.0000000000,0.1269975362,0.8730024638,0.1204123305,0.8795876695,0.1062926227,0.8937073773,0.0079993483,0.9920006517,0.0924505851,0.9075494149,0.0074405712,0.9925594288,0.8648648649,1.0000000000,1,0.8067753739,0.9527604107,0.1217838861,0.9395020224,1,1,,1,1,,,,,,0.8359166667,0.5494861044,0.8429000000,0.5350122385
25,37,24,4,0.7837837838,0.7916666667,0.7916666667,1.0000000000,0.3112705902,0.6887294098,0.2675213091,0.7324786909,-0.0000000000,1.0000000000,0.2244736917,0.7755263083,0.1843375590,0.8156624410,0.1467554706,0.8532445294,0.0099296216,0.9900703784,0.1647035730,0.8352964270,0.0125272727,0.9874727273,0.7837837838,1.0000000000,1,0.8352451568,0.9815658978,0.0545623650,0.9751306482,1,1,,1,0,,,,,,0.8385666667,0.5364234180,0.8461000000,0.5219939873
26,37,26,5,0.4594594595,0.5000000000,0.6153846154,0.4000000000,0.6772922183,0.3227077817,0.6640122983,0.3359877017,0.5785580061,0.4214419939,0.3853158252,0.6146841748,0.3546598441,0.6453401559,0.2380593620,0.7619406380,0.2218052316,0.7781947684,0.3338494689,0.6661505311,0.1952321687,0.8047678313,0.4594594595,0.4000000000,1,0.7003556926,0.6980304748,0.4549891374,0.5230176918,6,6,,0,0,,,,,,0.8530333333,0.5086348577,0.8577000000,0.4941640564
27,37,37,5,0.2432432432,0.2432432432,0.4324324324,0.4000000000,0.8092464244,0.1907535756,0.8092464244,0.1907535756,0.4581460078,0.5418539922,0.3407074086,0.6592925914,0.3407074086,0.6592925914,0.2722102652,0.7277897348,0.0719057801,0.9280942199,0.2621641045,0.7378358955,0.0649430146,0.9350569854,0.2432432432,0.4000000000,1,0.5920617504,0.2460067999,0.8568812093,0.0195354830,4,4,,0,0,,,,,,0.8519000000,0.5079662133,0.8583000000,0.4916439014
28,37,23,4,0.9459459459,0.9130434783,0.9130434783,1.0000000000,0.1075968172,0.8924031828,0.1544841321,0.8455158679,-0.0000000000,1.0000000000,0.0942311763,0.9057688237,0.1045686131,0.8954313869,0.0735329901,0.9264670099,0.0042965428,0.9957034572,0.0648316563,0.9351683437,0.0037374720,0.9962625280,0.9459459459,1.0000000000,1,0.8669941931,0.9768985196,0.0666446665,0.9715539079,1,1,,1,1,,,,,,0.8215833333,0.5449079330,0.8301000000,0.5290650297
29,37,34,6,0.4054054054,0.4411764706,0.5000000000,0.6666666667,0.5652479373,0.4347520627,0.5634690235,0.4365309765,0.2764345909,0.7235654091,0.3618887240,0.6381112760,0.3721178493,0.6278821507,0.2942547158,0.7057452842,0.0794800537,0.9205199463,0.3012357239,0.6987642761,0.0749152880,0.9250847120,0.4054054054,0.3333333333,1,0.7957532492,0.4827263334,0.4862080987,0.0905230935,5,5,,0,0,,,,,,0.8522500000,0.4926650071,0.8588000000,0.4768333533
30,37,13,3,0.8918918919,0.7692307692,0.7692307692,1.0000000000,0.1751659462,0.8248340538,0.2984002761,0.7015997239,-0.0000000000,1.0000000000,0.1263405679,0.8736594321,0.1392154255,0.8607845745,0.1132338376,0.8867661624,0.0083775017,0.9916224983,0.1010960495,0.8989039505,0.0094029452,0.9905970548,0.8918918919,1.0000000000,1,0.7797505977,0.9628048162,0.1000996627,0.9526018633,1,1,,1,1,,,,,,0.8621500000,0.4763602399,0.8700000000,0.4548827198
31,37,32,3,0.7297297297,0.7500000000,0.7500000000,1.0000000000,0.3966938420,0.6033061580,0.3419631091,0.6580368909,-0.0000000000,1.0000000000,0.2253753504,0.7746246496,0.2113459270,0.7886540730,0.1945936906,0.8054063094,0.0120261380,0.9879738620,0.1753346034,0.8246653966,0.0100227019,0.9899772981,0.7297297297,1.0000000000,1,0.7725819736,0.8758330079,0.2567909085,0.8232737194,1,1,,1,0,,,,,,0.8599000000,0.4724561619,0.8651000000,0.4562330151
32,37,29,6,0.7297297297,0.7241379310,0.7241379310,1.0000000000,0.3638096183,0.6361903817,0.3439320430,0.6560679570,-0.0000000000,1.0000000000,0.1891540935,0.8108459065,0.1891668046,0.8108331954,0.1369946813,0.8630053187,0.0544492323,0.9455507677,0.1458239615,0.8541760385,0.0498635609,0.9501364391,0.7297297297,1.0000000000,1,0.6920647877,0.7744042918,0.4140309855,0.6963209833,5,5,,1,0,,,,,,0.8626666667,0.4645001479,0.8680000000,0.4488038547
33,37,26,3,0.7027027027,0.6923076923,0.6923076923,1.0000000000,0.4151656556,0.5848343444,0.3883650747,0.6116349253,-0.0000000000,1.0000000000,0.1622456978,0.8377543022,0.1609484302,0.8390515698,0.1469017690,0.8530982310,0.0170307294,0.9829692706,0.1238879381,0.8761120619,0.0145974352,0.9854025648,0.7027027027,1.0000000000,1,0.6665822132,0.7573791846,0.4296977844,0.6773483325,1,1,,1,0,,,,,,0.8666000000,0.4501324037,0.8718000000,0.4352916575
34,37,36,6,0.4864864865,0.5000000000,0.5277777778,0.6666666667,0.6381022279,0.3618977721,0.6349996513,0.3650003487,0.3767779228,0.6232220772,0.3031076096,0.6968923904,0.3061027503,0.6938972497,0.2396425492,0.7603574508,0.0737924778,0.9262075222,0.2344485211,0.7655514789,0.0651817444,0.9348182556,0.4864864865,0.6666666667,1,0.6334919601,0.5573847977,0.6303395572,0.4199956423,4,4,,0,0,,,,,,0.8686000000,0.4422477045,0.8750000000,0.4259919386
35,37,37,6,1.0000000000,1.0000000000,1.0000000000,1.0000000000,-0.0000000000,1.0000000000,-0.0000000000,1.0000000000,-0.0000000000,1.0000000000,0.0797784440,0.9202215560,0.0797784440,0.9202215560,0.0628785236,0.9371214764,0.0055383260,0.9944616740,0.0577032804,0.9422967196,0.0047801861,0.9952198139,1.0000000000,1.0000000000,1,0.8369346032,0.9525374177,0.1235476618,0.9403911591,1,1,,1,1,,,,,,0.8708333333,0.4356149600,0.8776000000,0.4189566895
36,37,37,5,0.9729729730,0.9729729730,0.9729729730,1.0000000000,0.0539614531,0.9460385469,0.0539614531,0.9460385469,-0.0000000000,1.0000000000,0.0808339776,0.9191660224,0.0808339776,0.9191660224,0.0594885601,0.9405114399,0.0045579486,0.9954420514,0.0485014002,0.9514985998,0.0046516436,0.9953483564,0.9729729730,1.0000000000,1,0.9319859623,0.9937994835,0.0205736840,0.9911390660,6,6,,1,1,,,,,,0.8731500000,0.4277371886,0.8789000000,0.4111752400
37,37,34,5,0.9729729730,0.9705882353,0.9705882353,1.0000000000,0.0539614531,0.9460385469,0.0576271519,0.9423728481,-0.0000000000,1.0000000000,0.1200020519,0.8799979481,0.1266165643,0.8733834357,0.1032047708,0.8967952292,0.0429778749,0.9570221251,0.0895528896,0.9104471104,0.0354747140,0.9645252860,0.9729729730,1.0000000000,1,0.7495745318,0.9030008632,0.2202330324,0.8789531654,1,1,,1,1,,,,,,0.8705333333,0.4294848798,0.8768000000,0.4133278467
38,37,20,3,0.5135135135,0.6000000000,0.6000000000,1.0000000000,0.5401264650,0.4598735350,0.4615410616,0.5384589384,-0.0000000000,1.0000000000,0.2915994618,0.7084005382,0.2776192240,0.7223807760,0.2265372430,0.7734627570,0.0348424830,0.9651575170,0.2379370797,0.7620629203,0.0308523995,0.9691476005,0.5135135135,1.0000000000,1,0.7615957094,0.6733280945,0.4359663539,0.4675319891,5,5,,0,0,,,,,,0.8701000000,0.4240675171,0.8762000000,0.4051255953
39,37,30,5,0.8648648649,0.9000000000,0.9000000000,1.0000000000,0.2339066082,0.7660933918,0.1688252006,0.8311747994,-0.0000000000,1.0000000000,0.1429306098,0.8570693902,0.1290333886,0.8709666114,0.0899240272,0.9100759728,0.0125253859,0.9874746141,0.0984659040,0.9015340960,0.0111324774,0.9888675226,0.8648648649,1.0000000000,1,0.8343230371,0.9653250107,0.0936863018,0.9568178525,1,1,,1,1,,,,,,0.8731833333,0.4189738401,0.8799000000,0.4032205976
40,37,0,0,0.9459459459,,,,0.0913249256,0.9086750744,,,,,0.0901079192,0.9098920808,,,,,,,0.0588636399,0.9411363601,,,0.9459459459,,1,0.8782627918,0.9695218541,0.0851077119,0.9621532613,1,1,,1,1,,,,,,0.8731833333,0.4189738401,0.8799000000,0.4032205976
41,37,25,6,0.2432432432,0.2400000000,0.3600000000,0.5000000000,0.8355182076,0.1644817924,0.8558506109,0.1441493891,0.5395906230,0.4604093770,0.4103684090,0.5896315910,0.4010382221,0.5989617779,0.2715886312,0.7284113688,0.2471861159,0.7528138841,0.3287548976,0.6712451024,0.2203792338,0.7796207662,0.2432432432,0.1666666667,1,0.5851445755,0.2586786606,0.8426723266,0.0456992862,2,2,,0,0,,,,,,0.8730000000,0.4131616815,0.8798000000,0.3981389476
42,37,27,5,0.8918918919,0.9259259259,0.9259259259,1.0000000000,0.1975795617,0.8024204383,0.1146763490,0.8853236510,-0.0000000000,1.0000000000,0.1219758099,0.8780241901,0.1008096604,0.8991903396,0.0739366077,0.9260633923,0.0044301805,0.9955698195,0.0774851284,0.9225148716,0.0040997073,0.9959002927,0.8918918919,1.0000000000,1,0.8669362859,0.9898943802,0.0329771709,0.9870319063,1,1,,1,1,,,,,,0.8762833333,0.4039961541,0.8831000000,0.3873912133
43,37,22,5,0.5405405405,0.6363636364,0.6818181818,0.6000000000,0.5097961541,0.4902038459,0.4385410341,0.5614589659,0.4126972515,0.5873027485,0.3497344117,0.6502655883,0.3094429634,0.6905570366,0.1944115786,0.8055884214,0.1670002374,0.8329997626,0.3133900333,0.6866099667,0.1490699249,0.8509300751,0.5405405405,0.6000000000,1,0.8188225101,0.8236978791,0.2797514035,0.7398189270,5,5,,0,0,,,,,,0.8608500000,0.4290105470,0.8689000000,0.4126228183
44,37,0,0,0.6486486486,,,,0.4522874720,0.5477125280,,,,,0.3096253848,0.6903746152,,,,,,,0.2552255172,0.7447744828,,,0.6486486486,,1,0.8065556421,0.9656063688,0.0873068533,0.9498606605,5,5,,0,0,,,,,,0.8608500000,0.4290105470,0.8689000000,0.4126228183
45,37,0,0,0.8918918919,,,,0.1813076701,0.8186923299,,,,,0.1364664101,0.8635335899,,,,,,,0.1040506063,0.8959493937,,,0.8918918919,,1,0.7638797656,0.9400949739,0.1501118078,0.9275060218,1,1,,1,1,,,,,,0.8608500000,0.4290105470,0.8689000000,0.4126228183
46,37,36,5,0.9189189189,0.9166666667,0.9166666667,1.0000000000,0.1446248816,0.8553751184,0.1476075006,0.8523924994,-0.0000000000,1.0000000000,0.1486229528,0.8513770472,0.1515743222,0.8484256778,0.1233183649,0.8766816351,0.0050914734,0.9949085266,0.1047549630,0.8952450370,0.0041092850,0.9958907150,0.9189189189,1.0000000000,1,0.8378334807,0.9778483317,0.0649272769,0.9728285274,1,1,,1,1,,,,,,0.8779833333,0.3972121366,0.8832000000,0.3814442872
47,37,33,5,0.7297297297,0.7272727273,0.7272727273,1.0000000000,0.3588208349,0.6411791651,0.3549976582,0.6450023418,-0.0000000000,1.0000000000,0.2324821485,0.7675178515,0.2370255852,0.7629744148,0.1927976528,0.8072023472,0.0191682644,0.9808317356,0.1810611948,0.8189388052,0.0186329098,0.9813670902,0.7297297297,1.0000000000,1,0.8909453509,0.9844867220,0.0404915262,0.9750231856,9,9,,1,0,,,,,,0.8781166667,0.3948720178,0.8855000000,0.3788644716
48,37,17,3,0.6486486486,0.7058823529,0.7647058824,0.6666666667,0.4755135876,0.5244864124,0.4332586306,0.5667413694,0.2764345909,0.7235654091,0.2709304507,0.7290695493,0.2656957527,0.7343042473,0.2005682251,0.7994317749,0.1536729978,0.8463270022,0.2409793992,0.7590206008,0.1700948162,0.8299051838,0.6486486486,0.6666666667,1,0.7745555547,0.9175852809,0.1792749050,0.8895506526,1,1,,0,0,,,,,,0.8655666667,0.4170744297,0.8734000000,0.3991061295
49,37,37,4,0.8378378378,0.8378378378,0.8378378378,1.0000000000,0.2861386838,0.7138613162,0.2861386838,0.7138613162,-0.0000000000,1.0000000000,0.2116996485,0.7883003515,0.2116996485,0.7883003515,0.1585838874,0.8414161126,0.0245491756,0.9754508244,0.1571140922,0.8428859078,0.0294052150,0.9705947850,0.8378378378,1.0000000000,1,0.8042854309,0.9829302888,0.0501240942,0.9772450748,6,6,,1,1,,,,,,0.8838333333,0.3787262017,0.8911000000,0.3628659602
50,37,0,0,0.9729729730,,,,0.0539614531,0.9460385469,,,,,0.0783698754,0.9216301246,,,,,,,0.0512814872,0.9487185128,,,0.9729729730,,1,0.8995972393,0.9890411927,0.0349916950,0.9854767207,1,1,,1,1,,,,,,0.8838333333,0.3787262017,0.8911000000,0.3628659602
51,37,27,3,0.6216216216,0.5925925926,0.5925925926,1.0000000000,0.5101876669,0.4898123331,0.5448886818,0.4551113182,-0.0000000000,1.0000000000,0.3223104033,0.6776895967,0.3387543105,0.6612456895,0.3059266686,0.6940733314,0.0112305399,0.9887694601,0.2478163541,0.7521836459,0.0100214363,0.9899785637,0.6216216216,1.0000000000,1,0.7894508439,0.8214423265,0.2826614458,0.6871970616,5,5,,0,0,,,,,,0.8842333333,0.3757791543,0.8899000000,0.3595886831
52,37,37,6,0.7837837838,0.7837837838,0.7837837838,1.0000000000,0.2888569747,0.7111430253,0.2888569747,0.7111430253,-0.0000000000,1.0000000000,0.2036041168,0.7963958832,0.2036041168,0.7963958832,0.1587803619,0.8412196381,0.0148579197,0.9851420803,0.1587744924,0.8412255076,0.0134614001,0.9865385999,0.7837837838,1.0000000000,1,0.8414309304,0.9797724897,0.0548570000,0.9712595343,5,5,,1,0,,,,,,0.8865166667,0.3699890966,0.8925000000,0.3542838249
53,37,37,4,0.9729729730,0.9729729730,0.9729729730,1.0000000000,0.0539614531,0.9460385469,0.0539614531,0.9460385469,-0.0000000000,1.0000000000,0.0923336167,0.9076663833,0.0923336167,0.9076663833,0.0736165489,0.9263834511,0.0040705543,0.9959294457,0.0633099052,0.9366900948,0.0040321595,0.9959678405,0.9729729730,1.0000000000,1,0.8383745234,0.9589318129,0.1080832283,0.9454683054,1,1,,1,1,,,,,,0.8882333333,0.3653680490,0.8939000000,0.3498377915
54,37,13,3,0.4324324324,0.3846153846,0.3846153846,0.6666666667,0.6727769663,0.3272230337,0.6886915233,0.3113084767,0.2764345909,0.7235654091,0.3273648817,0.6726351183,0.3647141364,0.6352858636,0.2586530934,0.7413469066,0.2630169264,0.7369830736,0.3045483954,0.6954516046,0.2937378732,0.7062621268,0.1891891892,0.6666666667,0,0.6607102767,0.5985713814,0.4953075352,0.3359818280,3,1,,0,0,,,,,,0.8876333333,0.3684578666,0.8949000000,0.3478883204
55,37,13,3,0.8918918919,0.9230769231,0.9230769231,1.0000000000,0.1813076701,0.8186923299,0.1177760483,0.8822239517,-0.0000000000,1.0000000000,0.1215237339,0.8784762661,0.0879267774,0.9120732226,0.0527369185,0.9472630815,0.0280269600,0.9719730400,0.0917065543,0.9082934457,0.0270236457,0.9729763543,0.8918918919,1.0000000000,1,0.8278538688,0.9784360287,0.0626265454,0.9719623311,1,1,,1,1,,,,,,0.8870500000,0.3710197170,0.8944000000,0.3507397029
56,37,17,2,0.7027027027,0.8823529412,0.8823529412,1.0000000000,0.3826218723,0.6173781277,0.1573060463,0.8426939537,-0.0000000000,1.0000000000,0.2068783428,0.7931216572,0.1623585793,0.8376414207,0.1307570938,0.8692429062,0.0194132834,0.9805867166,0.1698513736,0.8301486264,0.0183414823,0.9816585177,0.7027027027,1.0000000000,1,0.6335139581,0.7634826192,0.4242432912,0.6802363148,5,5,,1,0,,,,,,0.8746000000,0.3912518443,0.8815000000,0.3727590253
57,37,30,6,0.9189189189,0.9333333333,0.9333333333,1.0000000000,0.1446248816,0.8553751184,0.1063717591,0.8936282409,-0.0000000000,1.0000000000,0.1327890143,0.8672109857,0.1254569255,0.8745430745,0.0950895040,0.9049104960,0.0178884245,0.9821115755,0.0946386274,0.9053613726,0.0139860288,0.9860139712,0.9189189189,1.0000000000,1,0.7923471637,0.9382946264,0.1520947729,0.9244644121,1,1,,1,1,,,,,,0.8880333333,0.3624977832,0.8929000000,0.3468874452
58,37,34,4,0.9459459459,0.9411764706,0.9411764706,1.0000000000,0.0913249256,0.9086750744,0.0971595259,0.9028404741,-0.0000000000,1.0000000000,0.1396335822,0.8603664178,0.1468768312,0.8531231688,0.1299950564,0.8700049436,0.0031393568,0.9968606432,0.0880359642,0.9119640358,0.0025336670,0.9974663330,0.9459459459,1.0000000000,1,0.8846937843,0.9910819463,0.0291950439,0.9886613998,1,1,,1,1,,,,,,0.8877666667,0.3604144176,0.8952000000,0.3450148091
59,37,24,4,0.6216216216,0.6250000000,0.6250000000,0.5000000000,0.5234937787,0.4765062213,0.4851707161,0.5148292839,0.4515449935,0.5484550065,0.3818793499,0.6181206501,0.3446543133,0.6553456867,0.2796717959,0.7203282041,0.2231598705,0.7768401295,0.3121524045,0.6878475955,0.2435089696,0.7564910304,0.6216216216,0.5000000000,1,0.7949674375,0.8726949116,0.2295591067,0.7881952394,3,3,,0,0,,,,,,0.8882833333,0.3585292851,0.8932000000,0.3440201461
60,37,16,5,0.8378378378,0.9375000000,0.9375000000,1.0000000000,0.2637250683,0.7362749317,0.1015344273,0.8984655727,-0.0000000000,1.0000000000,0.1834782608,0.8165217392,0.1606410494,0.8393589506,0.0818425687,0.9181574313,0.0351462662,0.9648537338,0.1225745897,0.8774254103,0.0264806497,0.9735193503,0.8378378378,1.0000000000,1,0.8215730253,0.9580286833,0.0993519107,0.9322677682,6,6,,1,1,,,,,,0.8836666667,0.3722207346,0.8896000000,0.3546961219
61,37,32,5,0.8648648649,0.8750000000,0.8750000000,1.0000000000,0.2114929927,0.7885070073,0.1941565833,0.8058434167,-0.0000000000,1.0000000000,0.1250250794,0.8749749206,0.1117513676,0.8882486324,0.0889578383,0.9110421617,0.0012569277,0.9987430723,0.0752793732,0.9247206268,0.0010485594,0.9989514406,0.8648648649,1.0000000000,1,0.8862219310,0.9971432914,0.0106960321,0.9962058278,1,1,,1,1,,,,,,0.8883666667,0.3565128192,0.8956000000,0.3415144180
62,37,16,2,1.0000000000,1.0000000000,1.0000000000,1.0000000000,-0.0000000000,1.0000000000,-0.0000000000,1.0000000000,-0.0000000000,1.0000000000,0.0782230920,0.9217769080,0.0743078473,0.9256921527,0.0598560107,0.9401439893,0.0004733650,0.9995266350,0.0601228026,0.9398771974,0.0005487317,0.9994512683,1.0000000000,1.0000000000,1,0.8617783512,0.9827081959,0.0506381859,0.9761873952,1,1,,1,1,,,,,,0.8836166667,0.3694220504,0.8910000000,0.3514023841
63,37,34,5,0.9189189189,0.9117647059,0.9117647059,1.0000000000,0.1446248816,0.8553751184,0.1540003141,0.8459996859,-0.0000000000,1.0000000000,0.1416593411,0.8583406589,0.1496879955,0.8503120045,0.1112025176,0.8887974824,0.0014246208,0.9985753792,0.0876538064,0.9123461936,0.0013292518,0.9986707482,0.9189189189,1.0000000000,1,0.8839732939,0.9921159709,0.0260017304,0.9902870082,1,1,,1,1,,,,,,0.8907333333,0.3507478525,0.8976000000,0.3364740644
64,37,22,5,0.6216216216,0.5909090909,0.5909090909,0.6000000000,0.4245216490,0.5754783510,0.4445939957,0.5554060043,0.2922852532,0.7077147468,0.2318443482,0.7681556518,0.2388068060,0.7611931940,0.1822325462,0.8177674538,0.1047737627,0.8952262373,0.1898886561,0.8101113439,0.1064673716,0.8935326284,0.6216216216,0.6000000000,1,0.8121136817,0.7995405374,0.2363353757,0.6076411144,3,3,,0,0,,,,,,0.8792000000,0.3726188559,0.8840000000,0.3564105987
65,37,36,5,0.9459459459,0.9444444444,0.9444444444,1.0000000000,0.0913249256,0.9086750744,0.0931818571,0.9068181429,-0.0000000000,1.0000000000,0.0993694463,0.9006305537,0.0999170883,0.9000829117,0.0802773614,0.9197226386,0.0109586932,0.9890413068,0.0747514759,0.9252485241,0.0085947863,0.9914052137,0.9459459459,1.0000000000,1,0.7868408560,0.9291019117,0.1668813168,0.9053567207,1,1,,1,1,,,,,,0.8930833333,0.3431356777,0.8984000000,0.3280414283
66,37,18,2,0.9729729730,0.9444444444,0.9444444444,1.0000000000,0.0539614531,0.9460385469,0.0931818571,0.9068181429,-0.0000000000,1.0000000000,0.0663618710,0.9336381290,0.0796825706,0.9203174294,0.0745840266,0.9254159734,0.0015274913,0.9984725087,0.0507333848,0.9492666152,0.0015467287,0.9984532713,0.9729729730,1.0000000000,1,0.8335896067,0.9421894130,0.1451629922,0.9293613949,1,1,,1,1,,,,,,0.8924500000,0.3449639141,0.8973000000,0.3287791450
67,37,33,4,0.9459459459,0.9393939394,0.9393939394,1.0000000000,0.0913249256,0.9086750744,0.0992935611,0.9007064389,-0.0000000000,1.0000000000,0.0808162562,0.9191837438,0.0856908622,0.9143091378,0.0723737001,0.9276262999,0.0026575763,0.9973424237,0.0538776435,0.9461223565,0.0026270499,0.9973729501,0.9459459459,1.0000000000,1,0.8993541277,0.9877784198,0.0376958707,0.9836037493,1,1,,1,1,,,,,,0.8943333333,0.3386247557,0.9007000000,0.3238275948
68,37,19,4,0.6216216216,0.6842105263,0.6842105263,0.7500000000,0.4693488799,0.5306511201,0.4095595307,0.5904404693,0.2442190503,0.7557809497,0.2079033453,0.7920966547,0.1721491535,0.8278508465,0.1241130814,0.8758869186,0.0700129608,0.9299870392,0.1633809123,0.8366190877,0.0693282053,0.9306717947,0.6216216216,0.7500000000,1,0.7144889937,0.7989001978,0.3511577830,0.6924185548,5,5,,0,0,,,,,,0.8912333333,0.3445447993,0.8959000000,0.3281453425
69,37,16,3,0.8378378378,0.9375000000,0.9375000000,1.0000000000,0.2637250683,0.7362749317,0.1015344273,0.8984655727,-0.0000000000,1.0000000000,0.1586399978,0.8413600022,0.1061548216,0.8938451784,0.0696443403,0.9303556597,0.0032164175,0.9967835825,0.1310794713,0.8689205287,0.0028649485,0.9971350515,0.8378378378,1.0000000000,1,0.7848653727,0.9718699249,0.0786670466,0.9631074034,1,1,,1,1,,,,,,0.8886166667,0.3542098811,0.8947000000,0.3370636967
70,37,37,3,0.8108108108,0.8108108108,0.8108108108,1.0000000000,0.2598085442,0.7401914558,0.2598085442,0.7401914558,-0.0000000000,1.0000000000,0.1842973543,0.8157026457,0.1842973543,0.8157026457,0.1637002566,0.8362997434,0.0014248232,0.9985751768,0.1288110914,0.8711889086,0.0014215871,0.9985784129,0.8108108108,1.0000000000,1,0.9153524851,0.9943106046,0.0189337937,0.9913426311,1,1,,1,1,,,,,,0.8959000000,0.3327948641,0.9015000000,0.3179572266
71,37,29,6,0.9459459459,0.9655172414,0.9655172414,1.0000000000,0.0913249256,0.9086750744,0.0651419676,0.9348580324,-0.0000000000,1.0000000000,0.0900865332,0.9099134668,0.0901281749,0.9098718251,0.0517955356,0.9482044644,0.0209384274,0.9790615726,0.0609834818,0.9390165182,0.0185258111,0.9814741889,0.9459459459,1.0000000000,1,0.8673472452,0.9726311743,0.0762907475,0.9646886103,1,1,,1,1,,,,,,0.8963000000,0.3319465773,0.9021000000,0.3173483825
72,37,37,4,0.9729729730,0.9729729730,0.9729729730,1.0000000000,0.0539614531,0.9460385469,0.0539614531,0.9460385469,-0.0000000000,1.0000000000,0.0885762604,0.9114237396,0.0885762604,0.9114237396,0.0706227386,0.9293772614,0.0019097003,0.9980902997,0.0545029479,0.9454970521,0.0024046965,0.9975953035,0.9729729730,1.0000000000,1,0.8979587688,0.9915441105,0.0273183175,0.9885326370,1,1,,1,1,,,,,,0.9002833333,0.3232515247,0.9060000000,0.3088583305
73,37,25,5,0.9729729730,0.9600000000,0.9600000000,1.0000000000,0.0539614531,0.9460385469,0.0729372166,0.9270627834,-0.0000000000,1.0000000000,0.0699922664,0.9300077336,0.0767223398,0.9232776602,0.0512080864,0.9487919136,0.0273026966,0.9726973034,0.0458684942,0.9541315058,0.0216829299,0.9783170701,0.9729729730,1.0000000000,1,0.8986426693,0.9813704362,0.0561102063,0.9773368831,1,1,,1,1,,,,,,0.8983500000,0.3256879508,0.9025000000,0.3115485485
74,37,16,3,0.8648648649,0.8750000000,0.8750000000,1.0000000000,0.1719949855,0.8280050145,0.1636292020,0.8363707980,-0.0000000000,1.0000000000,0.1482727112,0.8517272888,0.1352380450,0.8647619550,0.0588373172,0.9411626828,0.0591558120,0.9408441880,0.1117234590,0.8882765410,0.0627443895,0.9372556105,0.8648648649,1.0000000000,1,0.9068037638,0.9955841983,0.0153257800,0.9934821695,1,1,,1,1,,,,,,0.8948333333,0.3371175215,0.9004000000,0.3207364323
75,37,30,5,0.9459459459,0.9666666667,0.9666666667,1.0000000000,0.0913249256,0.9086750744,0.0634698568,0.9365301432,-0.0000000000,1.0000000000,0.0940746596,0.9059253404,0.0862186232,0.9137813768,0.0602846906,0.9397153094,0.0038464967,0.9961535033,0.0593240999,0.9406759001,0.0040881954,0.9959118046,0.9459459459,1.0000000000,1,0.8867101020,0.9871453246,0.0404126595,0.9841102265,1,1,,1,1,,,,,,0.8995500000,0.3224862511,0.9059000000,0.3079532526
76,37,17,4,0.8648648649,0.9411764706,0.9411764706,1.0000000000,0.2277648843,0.7722351157,0.0971595259,0.9028404741,-0.0000000000,1.0000000000,0.1935797780,0.8064202220,0.1467768391,0.8532231609,0.1035219211,0.8964780789,0.0068848758,0.9931151242,0.1322465822,0.8677534178,0.0057415233,0.9942584767,0.8648648649,1.0000000000,1,0.8566951266,0.9928019839,0.0233516580,0.9896463996,6,6,,1,1,,,,,,0.8884333333,0.3469664931,0.8944000000,0.3300827419
77,37,34,6,0.9459459459,0.9411764706,0.9705882353,1.0000000000,0.1075968172,0.8924031828,0.1148671727,0.8851328273,-0.0000000000,1.0000000000,0.0950274258,0.9049725742,0.1003081370,0.8996918630,0.0555382295,0.9444617705,0.0262269502,0.9737730498,0.0585059163,0.9414940837,0.0212617668,0.9787382332,0.9459459459,1.0000000000,1,0.8912449445,0.9856800665,0.0445003607,0.9813616035,1,1,,1,1,,,,,,0.8980500000,0.3243277619,0.9041000000,0.3098208865
78,37,22,4,0.9729729730,1.0000000000,1.0000000000,1.0000000000,0.0539614531,0.9460385469,-0.0000000000,1.0000000000,-0.0000000000,1.0000000000,0.0457415771,0.9542584229,0.0425188961,0.9574811039,0.0372338207,0.9627661793,0.0021747701,0.9978252299,0.0305734223,0.9694265777,0.0017124193,0.9982875807,0.9729729730,1.0000000000,1,0.9374777851,0.9943620303,0.0172012760,0.9898538369,4,4,,1,1,,,,,,0.8900500000,0.3412891850,0.8935000000,0.3267597386
79,37,37,4,0.9729729730,0.9729729730,0.9729729730,1.0000000000,0.0539614531,0.9460385469,0.0539614531,0.9460385469,-0.0000000000,1.0000000000,0.0900586651,0.9099413349,0.0900586651,0.9099413349,0.0754877418,0.9245122582,0.0005255887,0.9994744113,0.0533564262,0.9466435738,0.0004752441,0.9995247559,0.9729729730,1.0000000000,1,0.9056566631,0.9968730746,0.0116179766,0.9959272945,1,1,,1,1,,,,,,0.9018166667,0.3159838596,0.9066000000,0.3021157432
80,37,33,6,0.6216216216,0.6060606061,0.6363636364,1.0000000000,0.4848082715,0.5151917285,0.4973076559,0.5026923441,-0.0000000000,1.0000000000,0.2337048907,0.7662951093,0.2402683724,0.7597316276,0.1979148761,0.8020851239,0.0662769764,0.9337230236,0.1914845098,0.8085154902,0.0563922252,0.9436077748,0.6216216216,1.0000000000,1,0.6564735370,0.6472704954,0.5262421433,0.5260801719,1,1,,0,0,,,,,,0.9014500000,0.3165303183,0.9065000000,0.3022516597
81,37,17,3,1.0000000000,1.0000000000,1.0000000000,1.0000000000,-0.0000000000,1.0000000000,-0.0000000000,1.0000000000,-0.0000000000,1.0000000000,0.0390507219,0.9609492781,0.0417120168,0.9582879832,0.0297881254,0.9702118746,0.0019646575,0.9980353425,0.0269640420,0.9730359580,0.0017683872,0.9982316128,1.0000000000,1.0000000000,1,0.9340943000,0.9918926635,0.0272250186,0.9896912801,1,1,,1,1,,,,,,0.8923666667,0.3368665895,0.8973000000,0.3205238080
82,37,32,4,0.5675675676,0.5312500000,0.5312500000,1.0000000000,0.6102067876,0.3897932124,0.6303131305,0.3696868695,-0.0000000000,1.0000000000,0.2957676454,0.7042323546,0.2991602223,0.7008397777,0.2500817330,0.7499182670,0.0261670330,0.9738329670,0.2263540237,0.7736459763,0.0221447084,0.9778552916,0.5675675676,1.0000000000,1,0.6437511421,0.7080843550,0.4619166791,0.5626808757,5,5,,0,0,,,,,,0.9010500000,0.3150868997,0.9056000000,0.3006163066
83,37,10,2,0.9729729730,1.0000000000,1.0000000000,1.0000000000,0.0539614531,0.9460385469,-0.0000000000,1.0000000000,-0.0000000000,1.0000000000,0.0979741210,0.9020258790,0.0961049451,0.9038950549,0.0671571999,0.9328428001,0.0168263734,0.9831736266,0.0617373629,0.9382626371,0.0182058270,0.9817941730,0.9729729730,1.0000000000,1,0.8511450486,0.9531723206,0.1181371042,0.9401020361,1,1,,1,1,,,,,,0.8889333333,0.3578820789,0.8921000000,0.3427360162
84,37,19,3,0.8378378378,0.9473684211,0.9473684211,1.0000000000,0.2637250683,0.7362749317,0.0895480698,0.9104519302,-0.0000000000,1.0000000000,0.1375319903,0.8624680097,0.1138302002,0.8861697998,0.0956220954,0.9043779046,0.0096763387,0.9903236613,0.1093986642,0.8906013358,0.0088964594,0.9911035406,0.8378378378,1.0000000000,1,0.7772074343,0.9623923059,0.1009024657,0.9527628654,1,1,,1,1,,,,,,0.9020166667,0.3143053745,0.9075000000,0.2984504165
85,37,11,1,0.7027027027,0.6363636364,0.6363636364,,0.4050354878,0.5949645122,0.4488702968,0.5511297032,,,0.2118832024,0.7881167976,0.1855463940,0.8144536060,0.1855463940,0.8144536060,,,0.1586319519,0.8413680481,0.0000000000,1.0000000000,0.7027027027,1.0000000000,1,0.7580435120,0.8278216229,0.2872779967,0.7181741910,4,4,,1,0,,,,,,0.9038000000,0.3132827929,0.9104000000,0.2950913031
86,37,13,2,0.8918918919,1.0000000000,1.0000000000,1.0000000000,0.1751659462,0.8248340538,-0.0000000000,1.0000000000,-0.0000000000,1.0000000000,0.1578916728,0.8421083272,0.0959819343,0.9040180657,0.0842838680,0.9157161320,0.0023461140,0.9976538860,0.1194592140,0.8805407860,0.0022855522,0.9977144478,0.8918918919,1.0000000000,1,0.8113641763,0.9857671728,0.0437038708,0.9823327185,1,1,,1,1,,,,,,0.9055500000,0.3089046205,0.9126000000,0.2915629487
87,37,11,3,0.9189189189,1.0000000000,1.0000000000,1.0000000000,0.1446248816,0.8553751184,-0.0000000000,1.0000000000,-0.0000000000,1.0000000000,0.1108057023,0.8891942977,0.0720701487,0.9279298513,0.0592709752,0.9407290248,0.0004249059,0.9995750941,0.0736639771,0.9263360229,0.0003926808,0.9996073192,0.9189189189,1.0000000000,1,0.9027601058,0.9971790483,0.0103860687,0.9959370545,1,1,,1,1,,,,,,0.9031166667,0.3159608307,0.9104000000,0.2979281822
88,37,11,2,1.0000000000,1.0000000000,1.0000000000,1.0000000000,-0.0000000000,1.0000000000,-0.0000000000,1.0000000000,-0.0000000000,1.0000000000,0.0587964299,0.9412035701,0.0201404786,0.9798595214,0.0131797647,0.9868202353,0.0001040293,0.9998959707,0.0352049293,0.9647950707,0.0001064570,0.9998935430,1.0000000000,1.0000000000,1,0.9319800954,0.9981573725,0.0073343639,0.9976001115,1,1,,1,1,,,,,,0.9035000000,0.3141977473,0.9109000000,0.2962418785
89,37,26,4,0.8648648649,0.8461538462,0.8846153846,1.0000000000,0.2114929927,0.7885070073,0.2240247810,0.7759752190,-0.0000000000,1.0000000000,0.1685228110,0.8314771890,0.1636125745,0.8363874255,0.1053403607,0.8946596393,0.0551177310,0.9448822690,0.1082987002,0.8917012998,0.0485213352,0.9514786648,0.8648648649,1.0000000000,1,0.8924616583,0.9947400457,0.0180785216,0.9929316572,1,1,,1,1,,,,,,0.9093333333,0.2958595682,0.9120000000,0.2833707321
90,37,21,3,0.9729729730,1.0000000000,1.0000000000,1.0000000000,0.0539614531,0.9460385469,-0.0000000000,1.0000000000,-0.0000000000,1.0000000000,0.0739371429,0.9260628571,0.0621787523,0.9378212477,0.0451410294,0.9548589706,0.0003286427,0.9996713573,0.0416336475,0.9583663525,0.0003033801,0.9996966199,0.9729729730,1.0000000000,1,0.9394192995,0.9980764395,0.0075416759,0.9975658692,1,1,,1,1,,,,,,0.8969833333,0.3197941804,0.9011000000,0.3052171292
91,37,13,2,0.8108108108,0.7692307692,0.7692307692,1.0000000000,0.2598085442,0.7401914558,0.2984002761,0.7015997239,-0.0000000000,1.0000000000,0.2406058794,0.7593941206,0.2263205702,0.7736794298,0.2083941588,0.7916058412,0.0013730702,0.9986269298,0.1727844824,0.8272155176,0.0015602032,0.9984397968,0.8108108108,1.0000000000,1,0.8940911204,0.9974539427,0.0093191798,0.9962725298,1,1,,1,1,,,,,,0.9084166667,0.2955651724,0.9145000000,0.2796294071
92,37,29,6,0.8648648649,0.8620689655,0.8620689655,1.0000000000,0.2114929927,0.7885070073,0.2079199296,0.7920800704,-0.0000000000,1.0000000000,0.1746125358,0.8253874642,0.1624302453,0.8375697547,0.1209343116,0.8790656884,0.0071196314,0.9928803686,0.1157416354,0.8842583646,0.0061393913,0.9938606087,0.8648648649,1.0000000000,1,0.8947800110,0.9955714705,0.0151106708,0.9937087522,1,1,,1,1,,,,,,0.9055333333,0.3004888582,0.9105000000,0.2866051647
93,37,33,5,0.8108108108,0.7878787879,0.7878787879,1.0000000000,0.2931648276,0.7068351724,0.3169371346,0.6830628654,-0.0000000000,1.0000000000,0.1724720441,0.8275279559,0.1777245666,0.8222754334,0.1382145472,0.8617854528,0.0101844976,0.9898155024,0.1248458492,0.8751541508,0.0097557615,0.9902442385,0.8108108108,1.0000000000,1,0.8406498599,0.9821834642,0.0501493250,0.9761730813,4,4,,1,1,,,,,,0.9046833333,0.3017392196,0.9088000000,0.2883732724
94,37,13,3,0.6756756757,0.6923076923,0.7692307692,0.6666666667,0.4579629677,0.5420370323,0.4070016157,0.5929983843,0.2764345909,0.7235654091,0.2996327178,0.7003672822,0.3064653190,0.6935346810,0.1612680633,0.8387319367,0.1853456933,0.8146543067,0.2328602381,0.7671397619,0.2080701612,0.7919298388,0.6756756757,0.6666666667,1,0.8585287606,0.9894377167,0.0315168314,0.9851609730,1,1,,1,0,,,,,,0.9091833333,0.2956521707,0.9154000000,0.2795793085
95,37,30,5,0.9189189189,0.9000000000,0.9000000000,1.0000000000,0.1446248816,0.8553751184,0.1688252006,0.8311747994,-0.0000000000,1.0000000000,0.1004054349,0.8995945651,0.0983728064,0.9016271936,0.0788229759,0.9211770241,0.0038449987,0.9961550013,0.0640994702,0.9359005298,0.0032248830,0.9967751170,0.9189189189,1.0000000000,1,0.8792103835,0.9881757505,0.0373916161,0.9847410850,1,1,,1,1,,,,,,0.9080833333,0.2945166551,0.9121000000,0.2815646273
96,37,23,4,0.5405405405,0.6521739130,0.6521739130,1.0000000000,0.5221019265,0.4778980735,0.4702453832,0.5297546168,-0.0000000000,1.0000000000,0.2243663799,0.7756336201,0.2091845242,0.7908154758,0.1708575150,0.8291424850,0.0478743476,0.9521256524,0.1801921028,0.8198078972,0.0527617219,0.9472382781,0.5405405405,1.0000000000,1,0.7208532003,0.7580481602,0.3307169189,0.5763648914,1,1,,0,0,,,,,,0.8955333333,0.3209707568,0.8994000000,0.3074978650
97,37,25,6,0.7567567568,0.7600000000,0.8000000000,0.8333333333,0.3460559164,0.6539440836,0.3297576733,0.6702423267,0.1956762468,0.8043237532,0.2142639527,0.7857360473,0.2013967971,0.7986032029,0.1286817496,0.8713182504,0.0990489199,0.9009510801,0.1578810716,0.8421189284,0.0777104594,0.9222895406,0.7567567568,0.8333333333,1,0.8140508237,0.9520578656,0.1193125700,0.9335655829,1,1,,1,0,,,,,,0.9066166667,0.2942066132,0.9110000000,0.2818124725
98,37,35,5,0.9729729730,0.9714285714,0.9714285714,1.0000000000,0.0539614531,0.9460385469,0.0563456678,0.9436543322,-0.0000000000,1.0000000000,0.0754843276,0.9245156724,0.0781206622,0.9218793378,0.0542879290,0.9457120710,0.0009048082,0.9990951918,0.0420965795,0.9579034205,0.0008205861,0.9991794139,0.9729729730,1.0000000000,1,0.9271374095,0.9956273949,0.0158871863,0.9947508572,1,1,,1,1,,,,,,0.9091333333,0.2899220244,0.9126000000,0.2771325386
99,37,16,2,0.4324324324,0.5625000000,0.5625000000,0.5000000000,0.6497034517,0.3502965483,0.5402695864,0.4597304136,0.3010299957,0.6989700043,0.2079371850,0.7920628150,0.1997262278,0.8002737722,0.1728349568,0.8271650432,0.1414183200,0.8585816800,0.2157680494,0.7842319506,0.1471609042,0.8528390958,0.4324324324,0.5000000000,1,0.5598481986,0.6750271524,0.4407482356,0.5320969213,1,1,,0,0,,,,,,0.9059500000,0.3015289795,0.9086000000,0.2866044866
100,37,33,5,0.9459459459,0.9393939394,0.9393939394,1.0000000000,0.0913249256,0.9086750744,0.0992935611,0.9007064389,-0.0000000000,1.0000000000,0.1098348244,0.8901651756,0.1093363822,0.8906636178,0.0803268704,0.9196731296,0.0023557800,0.9976442200,0.0740312466,0.9259687534,0.0026309751,0.9973690249,0.9459459459,1.0000000000,1,0.8749894845,0.9890285345,0.0345795046,0.9847249993,1,1,,1,1,,,,,,0.9079166667,0.2908858153,0.9115000000,0.2783772396
101,37,14,3,0.8648648649,0.7857142857,0.7857142857,1.0000000000,0.2013628248,0.7986371752,0.2848866408,0.7151133592,-0.0000000000,1.0000000000,0.1056739054,0.8943260946,0.1181887052,0.8818112948,0.0788632997,0.9211367003,0.0010315483,0.9989684517,0.0726207955,0.9273792045,0.0012621662,0.9987378338,0.8648648649,1.0000000000,1,0.8954876373,0.9950699815,0.0171950475,0.9932439425,1,1,,1,1,,,,,,0.9100000000,0.2875494490,0.9162000000,0.2721555959
102,37,19,5,0.7297297297,0.7368421053,0.7368421053,1.0000000000,0.3649625587,0.6350374413,0.3589032713,0.6410967287,-0.0000000000,1.0000000000,0.2259474415,0.7740525585,0.2113664091,0.7886335909,0.1244060278,0.8755939722,0.0175754492,0.9824245508,0.1619814673,0.8380185327,0.0145801355,0.9854198645,0.7297297297,1.0000000000,1,0.8726974893,0.9936598889,0.0200267187,0.9895337766,1,1,,1,0,,,,,,0.9079000000,0.2912328251,0.9128000000,0.2764543288
103,37,37,5,0.6756756757,0.6756756757,0.6756756757,1.0000000000,0.4547870238,0.5452129762,0.4547870238,0.5452129762,-0.0000000000,1.0000000000,0.3821208522,0.6178791478,0.3821208522,0.6178791478,0.3139119672,0.6860880328,0.0167620377,0.9832379623,0.2920937044,0.7079062956,0.0149823777,0.9850176223,0.6756756757,1.0000000000,1,0.8753491149,0.9850495775,0.0382265888,0.9726292060,8,8,,1,0,,,,,,0.9128166667,0.2788135458,0.9166000000,0.2664250277
104,37,37,3,0.9729729730,0.9729729730,0.9729729730,1.0000000000,0.0539614531,0.9460385469,0.0539614531,0.9460385469,-0.0000000000,1.0000000000,0.0946422887,0.9053577113,0.0946422887,0.9053577113,0.0805199905,0.9194800095,0.0039991292,0.9960008708,0.0630338901,0.9369661099,0.0034230910,0.9965769090,0.9729729730,1.0000000000,1,0.8726077329,0.9869764525,0.0396575260,0.9819856871,1,1,,1,1,,,,,,0.9133333333,0.2771963664,0.9171000000,0.2648869889
105,37,37,4,1.0000000000,1.0000000000,1.0000000000,1.0000000000,-0.0000000000,1.0000000000,-0.0000000000,1.0000000000,-0.0000000000,1.0000000000,0.0405078773,0.9594921227,0.0405078773,0.9594921227,0.0296018497,0.9703981503,0.0003617472,0.9996382528,0.0230045481,0.9769954519,0.0003851109,0.9996148891,1.0000000000,1.0000000000,1,0.9535383573,0.9979588296,0.0079352250,0.9972852990,1,1,,1,1,,,,,,0.9142666667,0.2745474839,0.9185000000,0.2619668776
106,37,36,6,0.9459459459,0.9444444444,0.9444444444,1.0000000000,0.1075968172,0.8924031828,0.1099057458,0.8900942542,-0.0000000000,1.0000000000,0.0821545258,0.9178454742,0.0838229694,0.9161770306,0.0508630795,0.9491369205,0.0004473470,0.9995526530,0.0397243976,0.9602756024,0.0004168833,0.9995831167,0.9459459459,1.0000000000,1,0.9543627467,0.9997985572,0.0009442461,0.9996841243,6,6,,1,1,,,,,,0.9149333333,0.2732008297,0.9185000000,0.2611180968
107,37,27,6,0.6486486486,0.5925925926,0.6296296296,1.0000000000,0.4971147030,0.5028852970,0.5437752558,0.4562247442,-0.0000000000,1.0000000000,0.2284935090,0.7715064910,0.2447918856,0.7552081144,0.1764652698,0.8235347302,0.0543753536,0.9456246464,0.1803183787,0.8196816213,0.0451567689,0.9548432311,0.6486486486,1.0000000000,1,0.6543229024,0.7633617987,0.4206260806,0.6924823461,1,1,,0,0,,,,,,0.9123000000,0.2776732342,0.9159000000,0.2652535712
108,37,37,5,0.6756756757,0.6756756757,0.6756756757,1.0000000000,0.3896994571,0.6103005429,0.3896994571,0.6103005429,-0.0000000000,1.0000000000,0.2149799864,0.7850200136,0.2149799864,0.7850200136,0.1829932441,0.8170067559,0.0168153510,0.9831846490,0.1762103377,0.8237896623,0.0142907810,0.9857092190,0.6756756757,1.0000000000,1,0.8184342606,0.9305018394,0.1431273926,0.8955477683,5,5,,1,0,,,,,,0.9147833333,0.2731439876,0.9183000000,0.2610579012
109,37,34,6,1.0000000000,1.0000000000,1.0000000000,1.0000000000,-0.0000000000,1.0000000000,-0.0000000000,1.0000000000,-0.0000000000,1.0000000000,0.0478899832,0.9521100168,0.0506743719,0.9493256281,0.0397343647,0.9602656353,0.0037027683,0.9962972317,0.0315245390,0.9684754610,0.0038419899,0.9961580101,1.0000000000,1.0000000000,1,0.9175842216,0.9825514284,0.0515120063,0.9771872130,1,1,,1,1,,,,,,0.9137000000,0.2740583878,0.9173000000,0.2620113756
110,37,20,5,0.9729729730,0.9500000000,0.9500000000,1.0000000000,0.0539614531,0.9460385469,0.0862140748,0.9137859252,-0.0000000000,1.0000000000,0.0693002692,0.9306997308,0.0775079820,0.9224920180,0.0404686792,0.9595313208,0.0142822662,0.9857177338,0.0435540277,0.9564459723,0.0110086659,0.9889913341,0.9729729730,1.0000000000,1,0.9175260015,0.9946390149,0.0185355598,0.9929795989,1,1,,1,1,,,,,,0.9136500000,0.2758396182,0.9171000000,0.2622788034
111,37,33,6,1.0000000000,1.0000000000,1.0000000000,1.0000000000,-0.0000000000,1.0000000000,-0.0000000000,1.0000000000,-0.0000000000,1.0000000000,0.0436178839,0.9563821161,0.0462662195,0.9537337805,0.0343116307,0.9656883693,0.0029262769,0.9970737231,0.0274668001,0.9725331999,0.0024391470,0.9975608530,1.0000000000,1.0000000000,1,0.9279436764,0.9840912937,0.0467052629,0.9776403457,1,1,,1,1,,,,,,0.9135500000,0.2738632411,0.9162000000,0.2622053771
112,37,0,0,1.0000000000,,,,-0.0000000000,1.0000000000,,,,,0.0897031795,0.9102968205,,,,,,,0.0591924097,0.9408075903,,,1.0000000000,,1,0.8797163231,0.9888741200,0.0355123220,0.9855841102,1,1,,1,1,,,,,,0.9135500000,0.2738632411,0.9162000000,0.2622053771
113,37,34,5,0.9729729730,0.9705882353,0.9705882353,1.0000000000,0.0539614531,0.9460385469,0.0576271519,0.9423728481,-0.0000000000,1.0000000000,0.0729698899,0.9270301101,0.0770351334,0.9229648666,0.0643694485,0.9356305515,0.0009169468,0.9990830532,0.0435666506,0.9564333494,0.0008678656,0.9991321344,0.9729729730,1.0000000000,1,0.9224152463,0.9974577314,0.0096994574,0.9967878523,1,1,,1,1,,,,,,0.9143833333,0.2716875703,0.9177000000,0.2597965209
114,37,32,5,0.9729729730,0.9687500000,0.9687500000,1.0000000000,0.0539614531,0.9460385469,0.0603933374,0.9396066626,-0.0000000000,1.0000000000,0.0810481758,0.9189518242,0.0816564041,0.9183435959,0.0653619079,0.9346380921,0.0016709207,0.9983290793,0.0484066174,0.9515933826,0.0018714187,0.9981285813,0.9729729730,1.0000000000,1,0.9138293984,0.9940517064,0.0197535994,0.9914713120,1,1,,1,1,,,,,,0.9145000000,0.2716111301,0.9175000000,0.2599934445
115,37,27,3,1.0000000000,1.0000000000,1.0000000000,1.0000000000,-0.0000000000,1.0000000000,-0.0000000000,1.0000000000,-0.0000000000,1.0000000000,0.0533460897,0.9466539103,0.0529689097,0.9470310903,0.0456168019,0.9543831981,0.0003307939,0.9996692061,0.0300976759,0.9699023241,0.0002760850,0.9997239150,1.0000000000,1.0000000000,1,0.9395861689,0.9960425365,0.0142389932,0.9949402903,1,1,,1,1,,,,,,0.9147166667,0.2692576386,0.9180000000,0.2574267470
116,37,15,3,0.9459459459,1.0000000000,1.0000000000,1.0000000000,0.0913249256,0.9086750744,-0.0000000000,1.0000000000,-0.0000000000,1.0000000000,0.1296414224,0.8703585776,0.0847350756,0.9152649244,0.0604546180,0.9395453820,0.0016213823,0.9983786177,0.1010923353,0.8989076647,0.0015426185,0.9984573815,0.9459459459,1.0000000000,1,0.8289812666,0.9837153772,0.0479893555,0.9765663503,1,1,,1,1,,,,,,0.9142166667,0.2760555263,0.9174000000,0.2629366349
117,37,35,5,0.7297297297,0.7142857143,0.7142857143,1.0000000000,0.4036480659,0.5963519341,0.4186347890,0.5813652110,-0.0000000000,1.0000000000,0.3144369695,0.6855630305,0.3236064264,0.6763935736,0.2663235473,0.7336764527,0.0174239606,0.9825760394,0.2433803812,0.7566196188,0.0131473596,0.9868526404,0.7297297297,1.0000000000,1,0.8622838570,0.9824009663,0.0440873893,0.9686482337,4,4,,1,0,,,,,,0.9188000000,0.2610392262,0.9218000000,0.2497972750
118,37,30,6,1.0000000000,1.0000000000,1.0000000000,1.0000000000,-0.0000000000,1.0000000000,-0.0000000000,1.0000000000,-0.0000000000,1.0000000000,0.0503431349,0.9496568651,0.0541357842,0.9458642158,0.0315971535,0.9684028465,0.0042706776,0.9957293224,0.0302590483,0.9697409517,0.0033668684,0.9966331316,1.0000000000,1.0000000000,1,0.9389223044,0.9967432197,0.0121239969,0.9959579046,1,1,,1,1,,,,,,0.9174166667,0.2639451248,0.9192000000,0.2528120539
119,37,31,5,0.8378378378,0.8387096774,0.8387096774,1.0000000000,0.2413114528,0.7586885472,0.2390155389,0.7609844611,-0.0000000000,1.0000000000,0.1437549994,0.8562450006,0.1288491640,0.8711508360,0.1023054609,0.8976945391,0.0062081449,0.9937918551,0.1125030339,0.8874969661,0.0055063096,0.9944936904,0.8378378378,1.0000000000,1,0.8628635807,0.9824870121,0.0468994771,0.9733406301,5,5,,1,1,,,,,,0.9164166667,0.2641071734,0.9193000000,0.2526990291
120,37,10,3,0.8108108108,0.8000000000,0.8000000000,0.6666666667,0.2443491526,0.7556508474,0.2173220113,0.7826779887,0.2764345909,0.7235654091,0.1805094778,0.8194905222,0.1761995660,0.8238004340,0.0950013442,0.9049986558,0.0988192312,0.9011807688,0.1232408385,0.8767591615,0.0941528317,0.9058471683,0.8108108108,0.6666666667,1,0.8466929517,0.9012264837,0.1825607689,0.8357623282,1,1,,1,1,,,,,,0.9071500000,0.2986543920,0.9109000000,0.2873971690
121,37,21,4,0.9729729730,1.0000000000,1.0000000000,1.0000000000,0.0539614531,0.9460385469,-0.0000000000,1.0000000000,-0.0000000000,1.0000000000,0.0833978993,0.9166021007,0.0668916544,0.9331083456,0.0485267085,0.9514732915,0.0041985993,0.9958014007,0.0551697333,0.9448302667,0.0047132236,0.9952867764,0.9729729730,1.0000000000,1,0.8924223443,0.9920643363,0.0268667430,0.9905294762,1,1,,1,1,,,,,,0.9085500000,0.2817567430,0.9121000000,0.2685045762
122,37,20,3,0.9729729730,1.0000000000,1.0000000000,1.0000000000,0.0539614531,0.9460385469,-0.0000000000,1.0000000000,-0.0000000000,1.0000000000,0.0795895284,0.9204104716,0.0525953358,0.9474046642,0.0430988014,0.9569011986,0.0038840340,0.9961159660,0.0524985320,0.9475014680,0.0038852230,0.9961147770,0.9729729730,1.0000000000,1,0.8948235729,0.9903303096,0.0303842605,0.9859690252,1,1,,1,1,,,,,,0.9173833333,0.2644216983,0.9202000000,0.2517882172
123,37,33,5,0.3783783784,0.3939393939,0.4545454545,1.0000000000,0.6498926342,0.3501073658,0.6369973921,0.3630026079,-0.0000000000,1.0000000000,0.2911188912,0.7088811088,0.2942364234,0.7057635766,0.2303941990,0.7696058010,0.0822118774,0.9177881226,0.2640666192,0.7359333808,0.0804696725,0.9195303275,0.3783783784,1.0000000000,1,0.6642675138,0.6547000267,0.4614151206,0.5132921993,6,6,,0,0,,,,,,0.9159666667,0.2639590110,0.9195000000,0.2526816482
124,37,7,1,0.7837837838,0.7142857143,0.7142857143,,0.2918227546,0.7081772454,0.2598251810,0.7401748190,,,0.2318029816,0.7681970184,0.1622772317,0.8377227683,0.1622772317,0.8377227683,,,0.1807951062,0.8192048938,0.0000000000,1.0000000000,0.7837837838,1.0000000000,1,0.8813926341,0.8403006349,0.2223106643,0.7002953319,4,4,,1,0,,,,,,0.8862166667,0.3381141863,0.8913000000,0.3234134427
125,37,19,4,0.8648648649,0.8421052632,0.8421052632,1.0000000000,0.1719949855,0.8280050145,0.1894228911,0.8105771089,-0.0000000000,1.0000000000,0.1379410875,0.8620589125,0.1382293642,0.8617706358,0.1034446127,0.8965553873,0.0014051789,0.9985948211,0.0973169595,0.9026830405,0.0013336656,0.9986663344,0.8648648649,1.0000000000,1,0.8985185112,0.9978973996,0.0080213098,0.9970053658,1,1,,1,1,,,,,,0.9176166667,0.2618245077,0.9212000000,0.2496661459
126,37,37,4,0.9459459459,0.9459459459,0.9459459459,1.0000000000,0.0913249256,0.9086750744,0.0913249256,0.9086750744,-0.0000000000,1.0000000000,0.1434987930,0.8565012070,0.1434987930,0.8565012070,0.1125228746,0.8874771254,0.0033962378,0.9966037622,0.0915895445,0.9084104555,0.0029698944,0.9970301056,0.9459459459,1.0000000000,1,0.8677903484,0.9912455417,0.0270912945,0.9860649379,1,1,,1,1,,,,,,0.9203166667,0.2534412207,0.9246000000,0.2421425731
127,37,35,6,1.0000000000,1.0000000000,1.0000000000,1.0000000000,-0.0000000000,1.0000000000,-0.0000000000,1.0000000000,-0.0000000000,1.0000000000,0.0202377404,0.9797622596,0.0209994410,0.9790005590,0.0125878086,0.9874121914,0.0042997171,0.9957002829,0.0121513741,0.9878486259,0.0031299875,0.9968700125,1.0000000000,1.0000000000,1,0.9714219870,0.9968787855,0.0116464939,0.9957223534,1,1,,1,1,,,,,,0.9206666667,0.2528810769,0.9236000000,0.2417287015
128,37,20,4,0.8108108108,0.8500000000,0.8500000000,1.0000000000,0.2760804359,0.7239195641,0.1835802243,0.8164197757,-0.0000000000,1.0000000000,0.1720479397,0.8279520603,0.1442752896,0.8557247104,0.1123876694,0.8876123306,0.0131068030,0.9868931970,0.1214398007,0.8785601993,0.0121745437,0.9878254563,0.8108108108,1.0000000000,1,0.8303862882,0.9498263471,0.1166124690,0.9261081859,5,5,,1,1,,,,,,0.9212833333,0.2523545294,0.9254000000,0.2404819834
129,37,23,5,0.8918918919,0.9130434783,0.9130434783,1.0000000000,0.1813076701,0.8186923299,0.1544841321,0.8455158679,-0.0000000000,1.0000000000,0.1182562272,0.8817437728,0.0943784736,0.9056215264,0.0605097470,0.9394902530,0.0055488849,0.9944511151,0.0718093201,0.9281906799,0.0046459666,0.9953540334,0.8918918919,1.0000000000,1,0.9084645916,0.9788949694,0.0468397469,0.9588749068,6,6,,1,1,,,,,,0.9121500000,0.2732274946,0.9152000000,0.2619519034
130,37,27,4,1.0000000000,1.0000000000,1.0000000000,1.0000000000,-0.0000000000,1.0000000000,-0.0000000000,1.0000000000,-0.0000000000,1.0000000000,0.0751190737,0.9248809263,0.0745014332,0.9254985668,0.0442949614,0.9557050386,0.0027576457,0.9972423543,0.0466406026,0.9533593974,0.0028118954,0.9971881046,1.0000000000,1.0000000000,1,0.9048235629,0.9904192278,0.0312971805,0.9878684684,1,1,,1,1,,,,,,0.9188166667,0.2551626185,0.9216000000,0.2438858487
131,37,8,3,0.9189189189,0.8750000000,0.8750000000,1.0000000000,0.1446248816,0.8553751184,0.1636292020,0.8363707980,-0.0000000000,1.0000000000,0.1400058108,0.8599941892,0.1172598816,0.8827401184,0.0233184722,0.9766815278,0.1039565893,0.8960434107,0.0851888791,0.9148111209,0.1128324756,0.8871675244,0.9189189189,1.0000000000,1,0.8812159793,0.9889727885,0.0294532895,0.9796211359,5,5,,1,1,,,,,,0.8957500000,0.3266794542,0.8988000000,0.3152426699
132,37,32,6,0.9189189189,0.9062500000,0.9062500000,1.0000000000,0.1222112661,0.8777887339,0.1351216751,0.8648783249,-0.0000000000,1.0000000000,0.0954403148,0.9045596852,0.0875744791,0.9124255209,0.0676076117,0.9323923883,0.0052795076,0.9947204924,0.0668429767,0.9331570233,0.0041083532,0.9958916468,0.9189189189,1.0000000000,1,0.8676990691,0.9803013063,0.0568094927,0.9736481033,1,1,,1,1,,,,,,0.9200333333,0.2529935075,0.9231000000,0.2422624319
133,37,32,4,0.7567567568,0.7812500000,0.7812500000,1.0000000000,0.3754237558,0.6245762442,0.3377518476,0.6622481524,-0.0000000000,1.0000000000,0.1521039159,0.8478960841,0.1297453898,0.8702546102,0.1095700800,0.8904299200,0.0152039375,0.9847960625,0.1169358674,0.8830641326,0.0121747942,0.9878252058,0.7567567568,1.0000000000,1,0.7120342360,0.8420060367,0.3098404857,0.7822077810,1,1,,1,0,,,,,,0.9203333333,0.2512964262,0.9231000000,0.2406245082
134,37,37,3,0.6756756757,0.6756756757,0.6756756757,1.0000000000,0.4579629677,0.5420370323,0.4579629677,0.5420370323,-0.0000000000,1.0000000000,0.2850951982,0.7149048018,0.2850951982,0.7149048018,0.2608468654,0.7391531346,0.0024720437,0.9975279563,0.2085208777,0.7914791223,0.0020558450,0.9979441550,0.6756756757,1.0000000000,1,0.8709878015,0.9825638325,0.0481226198,0.9736634829,1,1,,1,0,,,,,,0.9229166667,0.2457558529,0.9262000000,0.2349612818
135,37,20,4,1.0000000000,1.0000000000,1.0000000000,1.0000000000,-0.0000000000,1.0000000000,-0.0000000000,1.0000000000,-0.0000000000,1.0000000000,0.0588409551,0.9411590449,0.0672765675,0.9327234325,0.0398907908,0.9601092092,0.0123959744,0.9876040256,0.0427199427,0.9572800573,0.0114121502,0.9885878498,1.0000000000,1.0000000000,1,0.8910712850,0.9814659065,0.0550978283,0.9769329604,1,1,,1,1,,,,,,0.9226000000,0.2478680055,0.9261000000,0.2365292565
136,37,36,5,0.6216216216,0.6388888889,0.6388888889,1.0000000000,0.4693488799,0.5306511201,0.4595386743,0.5404613257,-0.0000000000,1.0000000000,0.3495391700,0.6504608300,0.3486546634,0.6513453366,0.2817541870,0.7182458130,0.0584589803,0.9415410197,0.2898286219,0.7101713781,0.0516387995,0.9483612005,0.6216216216,1.0000000000,1,0.9036011040,0.9671810444,0.0733564243,0.9464557125,5,5,,0,0,,,,,,0.9239000000,0.2435742891,0.9265000000,0.2330439253
137,37,25,5,1.0000000000,1.0000000000,1.0000000000,1.0000000000,-0.0000000000,1.0000000000,-0.0000000000,1.0000000000,-0.0000000000,1.0000000000,0.0672682611,0.9327317389,0.0717794829,0.9282205171,0.0425258202,0.9574741798,0.0114302326,0.9885697674,0.0376985267,0.9623014733,0.0092677209,0.9907322791,1.0000000000,1.0000000000,1,0.9297475811,0.9982537657,0.0066781319,0.9975475030,1,1,,1,1,,,,,,0.9237666667,0.2450465031,0.9251000000,0.2347228280
138,37,11,3,1.0000000000,1.0000000000,1.0000000000,1.0000000000,-0.0000000000,1.0000000000,-0.0000000000,1.0000000000,-0.0000000000,1.0000000000,0.0376569136,0.9623430864,0.0448663147,0.9551336853,0.0278289150,0.9721710850,0.0072649260,0.9927350740,0.0239272298,0.9760727702,0.0074353389,0.9925646611,1.0000000000,1.0000000000,1,0.9478901790,0.9966755306,0.0121893940,0.9954121153,1,1,,1,1,,,,,,0.9247333333,0.2433633228,0.9296000000,0.2302893959
139,37,35,6,0.9459459459,0.9428571429,0.9428571429,1.0000000000,0.0913249256,0.9086750744,0.0951246156,0.9048753844,-0.0000000000,1.0000000000,0.0755987087,0.9244012913,0.0784598188,0.9215401812,0.0511319905,0.9488680095,0.0021349024,0.9978650976,0.0423207979,0.9576792021,0.0019034572,0.9980965428,0.9459459459,1.0000000000,1,0.9450662149,0.9987287518,0.0046916869,0.9979546175,6,6,,1,1,,,,,,0.9247833333,0.2409025991,0.9266000000,0.2300722006
140,37,36,5,0.9189189189,0.9166666667,0.9166666667,1.0000000000,0.1446248816,0.8553751184,0.1476075006,0.8523924994,-0.0000000000,1.0000000000,0.1342735475,0.8657264525,0.1370427327,0.8629572673,0.1123757107,0.8876242893,0.0044491919,0.9955508081,0.0844390759,0.9155609241,0.0036271140,0.9963728860,0.9189189189,1.0000000000,1,0.8689027126,0.9904111897,0.0304249722,0.9858789540,1,1,,1,1,,,,,,0.9257333333,0.2386747041,0.9280000000,0.2283622174
141,37,18,3,1.0000000000,1.0000000000,1.0000000000,1.0000000000,-0.0000000000,1.0000000000,-0.0000000000,1.0000000000,-0.0000000000,1.0000000000,0.0436226339,0.9563773661,0.0488582329,0.9511417671,0.0414407755,0.9585592245,0.0009024624,0.9990975376,0.0284545320,0.9715454680,0.0008652606,0.9991347394,1.0000000000,1.0000000000,1,0.9377104423,0.9952921454,0.0169491723,0.9940189703,1,1,,1,1,,,,,,0.9238666667,0.2438050280,0.9275000000,0.2323453043
142,37,23,5,1.0000000000,1.0000000000,1.0000000000,1.0000000000,-0.0000000000,1.0000000000,-0.0000000000,1.0000000000,-0.0000000000,1.0000000000,0.0416443969,0.9583556031,0.0312080422,0.9687919578,0.0213520037,0.9786479963,0.0005495755,0.9994504245,0.0226367094,0.9773632906,0.0004464063,0.9995535937,1.0000000000,1.0000000000,1,0.9569038945,0.9992680551,0.0031261766,0.9990166122,1,1,,1,1,,,,,,0.9171333333,0.2571263583,0.9199000000,0.2452750395
143,37,32,5,0.5405405405,0.5937500000,0.5937500000,0.8000000000,0.5556460492,0.4443539508,0.5105264330,0.4894735670,0.2173220113,0.7826779887,0.3492932701,0.6507067299,0.3230745964,0.6769254036,0.2704708669,0.7295291331,0.0930140275,0.9069859725,0.2937499078,0.7062500922,0.0776764681,0.9223235319,0.5405405405,0.8000000000,1,0.8106016890,0.8585414245,0.2659662477,0.8130854692,1,1,,0,0,,,,,,0.9243000000,0.2396824249,0.9275000000,0.2290246068
144,37,18,4,0.8918918919,0.9444444444,0.9444444444,1.0000000000,0.2138514534,0.7861485466,0.0931818571,0.9068181429,-0.0000000000,1.0000000000,0.1430377583,0.8569622417,0.0908205093,0.9091794907,0.0601148259,0.9398851741,0.0015226514,0.9984773486,0.0800917762,0.9199082238,0.0014383331,0.9985616669,0.8918918919,1.0000000000,1,0.8906431561,0.9936097144,0.0211616142,0.9911749386,5,5,,1,1,,,,,,0.9248666667,0.2405918924,0.9281000000,0.2297340793
145,37,15,3,0.8648648649,1.0000000000,1.0000000000,1.0000000000,0.2501784998,0.7498215002,-0.0000000000,1.0000000000,-0.0000000000,1.0000000000,0.1717952151,0.8282047849,0.0700981371,0.9299018629,0.0468063664,0.9531936336,0.0038466507,0.9961533493,0.1010820706,0.8989179294,0.0043563801,0.9956436199,0.8648648649,1.0000000000,1,0.9023957173,0.9973919975,0.0094711835,0.9962691357,4,4,,1,1,,,,,,0.9209000000,0.2530890059,0.9237000000,0.2404912200
146,37,17,5,0.8918918919,0.9411764706,0.9411764706,1.0000000000,0.1751659462,0.8248340538,0.0971595259,0.9028404741,-0.0000000000,1.0000000000,0.1402182772,0.8597817228,0.1090496397,0.8909503603,0.0474874029,0.9525125971,0.0163358505,0.9836641495,0.0954239868,0.9045760132,0.0128193263,0.9871806737,0.8918918919,1.0000000000,1,0.8546375857,0.9921770831,0.0251374763,0.9890935002,1,1,,1,1,,,,,,0.9187500000,0.2540926451,0.9246000000,0.2421427744
147,37,26,4,0.4864864865,0.5000000000,0.5000000000,0.7500000000,0.6053706052,0.3946293948,0.5522666704,0.4477333296,0.2442190503,0.7557809497,0.3768357529,0.6231642471,0.3267846965,0.6732153035,0.2876083101,0.7123916899,0.1038228236,0.8961771764,0.3716151854,0.6283848146,0.0998883065,0.9001116935,0.4864864865,0.7500000000,1,0.7551728383,0.8611964608,0.2346426875,0.7620000935,8,8,,0,0,,,,,,0.9273333333,0.2322052053,0.9286000000,0.2225621251
148,37,10,2,0.7837837838,0.7000000000,0.7000000000,1.0000000000,0.3112705902,0.6887294098,0.3482253729,0.6517746271,-0.0000000000,1.0000000000,0.2031253607,0.7968746393,0.1979554580,0.8020445420,0.1754411635,0.8245588365,0.0012166218,0.9987833782,0.1340477450,0.8659522550,0.0014388402,0.9985611598,0.7837837838,1.0000000000,1,0.8960791724,0.9828445825,0.0453252555,0.9703667511,1,1,,1,0,,,,,,0.9137833333,0.2729930255,0.9160000000,0.2638609659
149,37,13,2,0.9729729730,1.0000000000,1.0000000000,1.0000000000,0.0539614531,0.9460385469,-0.0000000000,1.0000000000,-0.0000000000,1.0000000000,0.0599145496,0.9400854504,0.0362326752,0.9637673248,0.0278846742,0.9721153258,0.0005383505,0.9994616495,0.0323348902,0.9676651098,0.0006521970,0.9993478030,0.9729729730,1.0000000000,1,0.9497110847,0.9995340621,0.0020804495,0.9993390978,1,1,,1,1,,,,,,0.9271500000,0.2343404026,0.9311000000,0.2219374595
150,37,37,4,1.0000000000,1.0000000000,1.0000000000,1.0000000000,-0.0000000000,1.0000000000,-0.0000000000,1.0000000000,-0.0000000000,1.0000000000,0.0380060370,0.9619939630,0.0380060370,0.9619939630,0.0288298361,0.9711701639,0.0002533950,0.9997466050,0.0188802057,0.9811197943,0.0002562740,0.9997437260,1.0000000000,1.0000000000,1,0.9634819037,0.9987923608,0.0049781238,0.9984517137,1,1,,1,1,,,,,,0.9268000000,0.2335248643,0.9289000000,0.2230594039
